,pred18,pred50,pred101,target
0,6,6,6,6
1,2,2,2,2
2,3,3,3,3
3,7,7,7,7
4,2,2,2,2
5,2,2,2,2
6,3,3,3,3
7,4,4,4,4
8,7,7,7,7
9,6,6,6,6
10,6,6,6,6
11,9,9,9,9
12,2,2,2,2
13,0,0,0,0
14,9,9,9,9
15,6,6,6,6
16,2,8,2,8
17,0,0,0,0
18,6,6,6,6
19,5,5,5,5
20,1,1,1,1
21,4,4,4,4
22,8,8,8,8
23,1,1,1,1
24,9,9,9,9
25,8,8,8,8
26,4,4,4,4
27,0,0,0,0
28,0,0,0,0
29,5,5,5,5
30,7,2,2,2
31,4,4,4,4
32,2,2,2,2
33,1,1,1,1
34,3,3,3,3
35,2,2,2,2
36,8,8,8,8
37,1,1,1,1
38,7,7,7,7
39,6,6,6,6
40,8,8,8,8
41,2,2,2,2
42,3,3,3,3
43,3,3,3,3
44,6,6,6,6
45,1,1,1,1
46,0,0,0,0
47,4,4,4,4
48,1,1,1,1
49,0,0,0,0
50,9,9,9,9
51,7,7,7,7
52,7,7,7,7
53,0,0,0,0
54,0,0,0,0
55,5,5,5,5
56,1,1,1,1
57,3,3,3,3
58,5,5,5,5
59,0,0,0,0
60,0,0,0,0
61,7,7,7,7
62,5,5,5,5
63,1,1,1,1
64,3,3,3,3
65,1,1,1,1
66,1,1,1,1
67,0,0,0,0
68,1,1,1,1
69,6,6,6,6
70,1,1,1,1
71,2,2,2,2
72,5,5,5,5
73,0,0,0,0
74,3,3,2,3
75,4,4,4,4
76,4,4,4,4
77,4,4,4,4
78,1,1,1,1
79,3,3,3,3
80,9,9,9,9
81,6,6,6,6
82,3,3,3,3
83,9,9,9,9
84,7,7,7,7
85,5,5,5,5
86,0,0,0,0
87,9,9,9,9
88,6,6,6,6
89,8,8,8,8
90,6,6,6,6
91,9,9,9,9
92,3,3,3,3
93,2,2,2,2
94,4,4,4,4
95,3,3,3,3
96,0,0,0,0
97,7,7,7,7
98,2,2,2,2
99,0,0,0,0
100,2,2,2,2
101,3,3,3,3
102,1,1,1,1
103,9,9,9,9
104,0,0,0,0
105,4,4,4,4
106,4,4,4,4
107,5,5,5,5
108,2,2,2,2
109,4,4,4,4
110,9,9,9,9
111,1,1,1,1
112,6,6,6,6
113,6,6,6,6
114,4,4,4,4
115,7,7,7,7
116,9,9,9,9
117,4,4,4,4
118,7,7,7,7
119,4,4,4,4
120,6,6,0,0
121,1,1,1,1
122,9,9,9,9
123,1,1,1,1
124,6,6,6,6
125,4,4,4,4
126,7,7,7,7
127,6,6,6,6
128,6,6,6,6
129,2,2,2,2
130,7,7,7,7
131,7,7,7,7
132,7,7,7,7
133,1,1,1,1
134,9,9,9,9
135,2,2,2,2
136,1,1,1,1
137,3,3,3,3
138,9,9,9,9
139,7,7,7,7
140,2,2,2,2
141,0,0,0,0
142,3,3,3,3
143,4,4,4,4
144,0,0,0,0
145,7,7,7,7
146,6,6,6,6
147,8,8,8,8
148,7,7,7,7
149,7,7,7,7
150,1,1,1,1
151,9,9,9,9
152,2,2,2,2
153,6,6,6,6
154,9,9,9,9
155,8,8,8,8
156,3,3,3,3
157,1,1,1,1
158,3,3,3,3
159,1,1,1,1
160,1,1,1,1
161,5,5,5,5
162,1,1,1,1
163,1,1,1,1
164,0,0,0,0
165,2,2,2,2
166,7,7,7,7
167,8,8,8,8
168,1,1,1,1
169,9,9,9,9
170,0,0,0,0
171,4,4,4,4
172,6,6,6,6
173,1,1,1,1
174,4,4,4,4
175,4,4,4,4
176,0,0,0,0
177,8,8,8,8
178,8,8,8,8
179,5,5,5,5
180,7,7,7,7
181,5,5,5,5
182,3,3,3,3
183,5,5,5,5
184,4,4,4,4
185,2,2,2,2
186,8,8,8,8
187,2,2,2,2
188,4,4,4,4
189,0,0,0,0
190,7,7,7,7
191,5,5,5,5
192,4,4,4,4
193,9,9,9,9
194,3,3,3,3
195,1,1,1,1
196,0,0,0,0
197,9,9,9,9
198,5,5,5,5
199,2,2,2,2
200,8,8,8,8
201,9,9,9,9
202,6,6,6,6
203,0,0,0,0
204,3,3,3,3
205,9,9,9,9
206,0,0,0,0
207,5,5,5,5
208,0,0,0,0
209,0,0,0,0
210,1,1,1,1
211,3,3,3,3
212,2,2,2,2
213,4,4,4,4
214,8,8,8,8
215,9,9,9,9
216,3,3,3,3
217,3,3,3,3
218,2,2,2,2
219,6,6,6,6
220,3,3,3,3
221,6,6,6,6
222,4,4,4,4
223,9,9,9,9
224,1,1,1,1
225,4,4,4,4
226,4,4,4,4
227,9,9,9,9
228,1,1,1,1
229,2,2,2,2
230,3,3,3,3
231,1,1,1,1
232,4,4,4,4
233,3,3,3,3
234,5,5,5,5
235,5,5,5,5
236,4,4,4,4
237,1,1,1,1
238,1,1,1,1
239,1,1,1,1
240,9,9,9,9
241,4,4,4,4
242,7,7,7,7
243,3,3,3,3
244,6,6,6,6
245,4,4,4,4
246,8,8,8,8
247,1,1,1,1
248,3,3,3,3
249,8,8,8,8
250,3,3,3,3
251,9,9,9,9
252,8,8,8,8
253,7,7,7,7
254,2,2,2,2
255,0,0,0,0
256,3,3,3,3
257,9,9,9,9
258,9,9,9,9
259,5,5,5,5
260,4,4,4,4
261,1,1,1,1
262,1,1,1,1
263,6,6,6,6
264,4,4,4,4
265,6,6,6,6
266,7,7,7,7
267,5,5,5,5
268,8,8,8,8
269,8,8,8,8
270,8,8,8,8
271,1,1,1,1
272,3,3,3,3
273,9,9,9,9
274,0,0,0,0
275,6,6,6,6
276,1,1,1,1
277,6,6,6,6
278,8,8,8,8
279,2,2,2,2
280,8,8,8,8
281,6,6,6,6
282,3,3,3,3
283,7,7,7,7
284,3,3,3,3
285,0,0,0,0
286,9,9,9,9
287,8,8,8,8
288,2,2,2,2
289,7,7,7,7
290,5,5,5,5
291,4,4,4,4
292,6,6,6,6
293,9,9,9,9
294,3,3,3,3
295,6,6,6,6
296,8,8,8,8
297,0,0,0,0
298,7,7,7,7
299,7,7,7,7
300,2,2,2,2
301,0,0,0,0
302,3,3,3,3
303,7,7,7,7
304,9,9,9,9
305,3,3,3,3
306,0,0,0,0
307,8,8,8,8
308,9,9,9,9
309,4,4,4,4
310,4,4,4,4
311,5,5,5,5
312,9,9,9,9
313,8,8,8,8
314,6,6,6,6
315,9,9,9,9
316,4,4,4,4
317,4,4,4,4
318,3,3,3,3
319,7,7,7,7
320,3,3,3,3
321,4,4,4,4
322,8,8,8,8
323,4,4,4,4
324,0,0,0,0
325,8,8,8,8
326,7,7,7,7
327,7,7,7,7
328,6,6,6,6
329,4,4,4,4
330,0,0,0,0
331,8,8,8,8
332,3,3,3,3
333,5,5,5,5
334,6,6,6,6
335,4,4,4,4
336,9,9,9,9
337,4,4,4,4
338,7,7,7,7
339,6,6,6,6
340,9,9,9,9
341,0,0,0,0
342,8,8,8,8
343,6,6,6,6
344,7,7,7,7
345,7,7,7,7
346,7,7,7,7
347,9,9,9,9
348,4,4,4,4
349,8,8,8,8
350,1,1,1,1
351,4,4,4,4
352,1,1,1,1
353,0,0,0,0
354,0,0,0,0
355,9,9,9,9
356,9,9,9,9
357,9,9,9,9
358,0,0,0,0
359,2,2,2,2
360,0,9,0,0
361,0,0,0,0
362,7,7,7,7
363,3,3,3,3
364,9,9,9,9
365,1,1,1,1
366,5,5,5,5
367,3,3,3,3
368,6,6,6,6
369,3,3,3,3
370,4,4,4,4
371,5,5,5,5
372,9,9,9,9
373,0,0,0,0
374,2,2,2,2
375,9,9,9,9
376,8,8,8,8
377,2,2,2,2
378,3,3,3,3
379,4,4,4,4
380,4,4,4,4
381,2,2,2,2
382,6,6,6,6
383,5,5,5,5
384,4,4,4,4
385,8,8,8,8
386,2,2,2,2
387,5,5,5,5
388,8,8,8,8
389,5,5,5,5
390,0,0,0,0
391,0,0,0,0
392,4,4,4,4
393,6,6,6,6
394,8,8,8,8
395,1,1,1,1
396,6,6,6,6
397,3,3,3,3
398,6,6,6,6
399,1,1,1,1
400,9,9,9,9
401,8,8,8,8
402,1,1,1,1
403,0,0,0,0
404,2,2,2,2
405,0,0,0,0
406,3,3,3,3
407,5,5,5,5
408,3,3,3,3
409,5,5,5,5
410,7,7,7,7
411,2,2,2,2
412,7,7,7,7
413,0,0,0,0
414,7,7,7,7
415,3,3,3,3
416,7,7,7,7
417,1,1,1,1
418,0,0,0,0
419,5,5,5,5
420,7,7,7,7
421,7,7,7,7
422,1,1,1,1
423,0,0,0,0
424,1,1,1,1
425,2,2,2,2
426,3,3,3,3
427,3,3,3,3
428,1,1,1,1
429,0,0,0,0
430,5,5,5,5
431,0,0,0,0
432,5,5,5,5
433,8,8,8,8
434,2,2,2,2
435,3,3,3,3
436,8,8,8,8
437,2,2,2,2
438,8,8,8,8
439,9,9,9,9
440,9,9,9,9
441,0,0,0,0
442,9,9,9,9
443,1,1,1,1
444,9,9,9,9
445,5,5,5,5
446,3,3,3,3
447,1,1,1,1
448,9,9,9,9
449,9,9,9,9
450,6,6,6,6
451,8,8,8,8
452,5,5,5,5
453,1,1,1,1
454,0,0,0,0
455,0,0,0,0
456,5,5,5,5
457,4,4,4,4
458,2,2,2,2
459,3,3,3,3
460,2,2,2,2
461,0,0,0,0
462,3,3,3,3
463,5,5,5,5
464,5,5,5,5
465,6,6,6,6
466,8,8,8,8
467,0,0,0,0
468,8,8,8,8
469,5,5,5,5
470,9,9,9,9
471,0,0,0,0
472,6,6,6,6
473,2,2,2,2
474,3,3,3,3
475,9,9,9,9
476,8,8,8,8
477,3,3,3,3
478,4,4,4,4
479,1,1,1,1
480,6,6,6,6
481,0,0,0,0
482,8,8,8,8
483,4,4,4,4
484,5,5,5,5
485,5,5,5,5
486,5,5,5,5
487,2,2,2,2
488,8,8,8,8
489,1,1,1,1
490,4,4,4,4
491,0,0,0,0
492,4,4,4,4
493,2,2,2,2
494,9,9,9,9
495,5,5,5,5
496,2,2,2,2
497,3,3,3,3
498,6,6,6,6
499,0,0,0,0
500,9,9,9,9
501,3,3,3,3
502,7,7,7,7
503,2,2,2,2
504,9,9,9,9
505,3,3,3,3
506,3,3,3,3
507,6,6,6,6
508,1,1,1,1
509,1,1,1,1
510,9,9,9,9
511,3,3,3,3
512,7,7,7,7
513,2,2,2,2
514,4,4,4,4
515,2,2,2,2
516,2,2,2,2
517,7,7,7,7
518,0,0,0,0
519,3,3,3,3
520,4,4,4,4
521,5,5,5,5
522,4,4,4,4
523,5,5,5,5
524,2,2,2,2
525,3,3,3,3
526,8,8,8,8
527,6,6,6,6
528,1,1,1,1
529,0,0,0,0
530,6,6,6,6
531,6,6,6,6
532,9,9,9,9
533,7,7,7,7
534,9,9,9,9
535,0,0,0,0
536,9,9,9,9
537,3,3,3,3
538,1,1,1,1
539,4,4,4,4
540,8,8,8,8
541,8,8,8,8
542,1,1,1,1
543,4,4,4,4
544,0,0,0,0
545,9,9,9,9
546,9,9,9,9
547,5,5,5,5
548,8,8,8,8
549,2,2,2,2
550,5,5,5,5
551,4,4,4,4
552,1,1,1,1
553,1,1,1,1
554,9,9,9,9
555,0,0,0,0
556,7,7,7,7
557,4,4,4,4
558,9,9,9,9
559,4,4,4,4
560,4,4,4,4
561,7,7,7,7
562,5,5,5,5
563,4,4,4,4
564,2,2,2,2
565,3,3,3,3
566,5,5,5,5
567,4,4,4,4
568,8,8,8,8
569,7,7,7,7
570,9,9,9,9
571,1,1,1,1
572,1,1,1,1
573,2,2,2,2
574,9,9,9,9
575,2,2,2,2
576,3,3,3,3
577,9,9,9,9
578,1,1,1,1
579,6,6,6,6
580,9,9,9,9
581,0,0,0,0
582,9,9,9,9
583,7,7,7,7
584,7,7,7,7
585,4,4,4,4
586,0,0,0,0
587,2,2,2,2
588,9,9,9,9
589,3,3,3,3
590,8,8,8,8
591,9,9,9,9
592,3,3,3,3
593,3,3,3,3
594,6,6,6,6
595,7,7,7,7
596,4,4,4,4
597,7,7,7,7
598,4,4,4,4
599,8,8,8,8
600,3,3,3,3
601,2,2,2,2
602,7,7,7,7
603,7,7,7,7
604,1,1,1,1
605,6,6,6,6
606,8,8,8,8
607,0,0,0,0
608,7,7,7,7
609,8,8,8,8
610,1,1,2,8
611,3,3,3,3
612,6,6,6,6
613,8,8,8,8
614,2,2,2,2
615,9,9,9,9
616,9,9,9,9
617,5,5,5,5
618,1,1,1,1
619,4,4,4,4
620,2,2,2,2
621,8,8,8,8
622,0,0,0,0
623,2,2,2,2
624,0,0,0,0
625,1,1,1,1
626,4,4,4,4
627,2,2,2,2
628,8,8,8,8
629,5,5,5,5
630,2,2,2,2
631,4,4,4,4
632,4,4,4,4
633,2,2,2,2
634,1,1,1,1
635,1,1,1,1
636,9,9,9,9
637,6,6,6,6
638,5,5,5,5
639,9,9,9,9
640,1,1,1,1
641,9,9,9,9
642,9,9,9,9
643,1,1,1,1
644,8,8,8,8
645,8,8,8,8
646,1,1,1,1
647,2,2,2,2
648,5,5,5,5
649,8,8,8,8
650,6,6,6,6
651,2,2,2,2
652,9,9,9,9
653,7,7,7,7
654,4,4,4,4
655,8,8,8,8
656,4,4,4,4
657,9,9,9,9
658,3,3,3,3
659,7,7,7,7
660,4,4,4,4
661,2,2,2,2
662,9,9,9,9
663,2,2,2,2
664,4,4,4,4
665,8,8,8,8
666,1,1,1,1
667,8,8,8,8
668,5,5,5,5
669,3,3,3,3
670,3,3,3,3
671,6,6,6,6
672,1,1,1,1
673,2,2,2,2
674,4,4,4,4
675,4,4,4,4
676,0,0,0,0
677,2,2,2,2
678,9,9,9,9
679,0,0,0,0
680,3,3,3,3
681,5,5,5,5
682,0,0,0,0
683,4,4,4,4
684,8,8,8,8
685,1,1,1,1
686,3,3,3,3
687,0,0,0,0
688,8,8,8,8
689,3,3,3,3
690,0,0,0,0
691,7,7,7,7
692,4,4,4,4
693,9,9,9,9
694,2,2,2,2
695,7,7,7,7
696,6,6,6,6
697,9,9,9,9
698,2,2,2,2
699,2,2,2,2
700,4,4,4,4
701,8,8,8,8
702,3,3,3,3
703,3,3,3,3
704,7,7,7,7
705,0,0,0,0
706,1,1,1,1
707,6,6,6,6
708,5,5,5,5
709,8,8,8,8
710,4,4,4,4
711,7,7,7,7
712,5,5,5,5
713,7,7,7,7
714,0,0,0,0
715,3,3,3,3
716,4,4,4,4
717,8,8,8,8
718,7,7,7,7
719,9,9,9,9
720,2,2,2,2
721,9,9,9,9
722,0,0,0,0
723,3,3,3,3
724,6,6,6,6
725,7,7,7,7
726,0,0,0,0
727,7,7,7,7
728,6,6,6,6
729,8,8,8,8
730,3,3,3,3
731,9,9,9,9
732,5,5,5,5
733,6,6,6,6
734,0,0,0,0
735,1,1,1,1
736,4,4,4,4
737,9,4,4,4
738,3,3,3,3
739,0,0,0,0
740,6,6,6,6
741,3,3,3,3
742,2,2,2,2
743,2,2,2,2
744,2,2,2,2
745,8,8,8,8
746,8,8,8,8
747,5,5,5,5
748,1,1,1,1
749,0,0,0,0
750,5,5,5,5
751,1,1,1,1
752,7,7,7,7
753,5,5,5,5
754,0,0,0,0
755,4,4,4,4
756,4,4,4,4
757,2,2,2,2
758,7,7,7,7
759,1,1,1,1
760,8,8,8,8
761,9,9,9,9
762,2,2,2,2
763,2,2,2,2
764,6,6,6,6
765,8,8,8,8
766,0,0,0,0
767,8,8,8,8
768,1,1,1,1
769,6,6,6,6
770,7,7,7,7
771,0,0,0,0
772,8,8,8,8
773,9,9,9,9
774,3,3,3,3
775,8,8,8,8
776,8,8,8,8
777,6,6,6,6
778,2,2,2,2
779,3,3,3,3
780,1,1,1,1
781,4,4,4,4
782,8,8,8,8
783,2,2,2,2
784,4,4,4,4
785,1,1,1,1
786,3,3,3,3
787,8,8,8,8
788,4,4,4,4
789,5,5,5,5
790,1,1,1,1
791,5,5,5,5
792,0,0,0,0
793,3,3,3,3
794,0,0,0,0
795,8,8,8,8
796,4,4,4,4
797,3,3,3,3
798,1,1,1,1
799,3,3,3,3
800,1,1,1,1
801,3,3,3,3
802,7,7,7,7
803,1,1,1,1
804,1,1,1,1
805,6,6,6,6
806,9,9,9,9
807,1,1,1,1
808,3,3,3,3
809,5,5,5,5
810,4,4,4,4
811,5,5,5,5
812,9,9,9,9
813,3,3,3,3
814,4,4,4,4
815,3,3,3,3
816,3,3,3,3
817,1,1,1,1
818,3,3,3,3
819,5,5,5,5
820,4,4,4,4
821,2,2,2,2
822,1,1,1,1
823,4,4,4,4
824,3,3,3,3
825,6,6,6,6
826,8,8,8,8
827,5,5,5,5
828,6,6,6,6
829,0,0,0,0
830,5,5,5,5
831,9,9,9,9
832,8,8,8,8
833,1,1,1,1
834,9,9,9,9
835,9,9,9,9
836,2,2,2,2
837,9,9,9,9
838,1,1,1,1
839,1,1,1,1
840,2,2,2,2
841,0,0,0,0
842,9,9,9,9
843,1,1,1,1
844,9,9,9,9
845,4,4,4,4
846,4,4,4,4
847,0,0,0,0
848,3,3,3,3
849,9,9,9,9
850,7,7,7,7
851,9,9,9,9
852,2,2,2,2
853,1,1,1,1
854,4,4,4,4
855,3,3,3,3
856,0,0,0,0
857,1,1,1,1
858,2,2,2,2
859,4,4,4,4
860,3,3,3,3
861,7,7,7,7
862,4,4,4,4
863,9,9,9,9
864,8,8,8,8
865,7,7,7,7
866,4,4,4,4
867,8,8,8,8
868,0,0,0,0
869,0,0,0,0
870,4,4,4,4
871,6,6,6,6
872,3,3,3,3
873,8,8,8,8
874,0,0,0,0
875,5,5,5,5
876,7,7,7,7
877,6,6,6,6
878,2,2,2,2
879,2,2,2,2
880,3,3,3,3
881,5,5,5,5
882,8,8,8,8
883,2,2,2,2
884,2,2,2,2
885,1,1,1,1
886,3,3,3,3
887,4,4,4,4
888,1,1,1,1
889,3,3,3,3
890,5,5,5,5
891,2,2,2,2
892,8,8,8,8
893,9,9,9,9
894,5,5,5,5
895,7,7,7,7
896,5,5,5,5
897,3,3,3,3
898,9,9,9,9
899,4,4,4,4
900,2,2,2,2
901,0,0,0,0
902,6,6,6,6
903,1,1,1,1
904,1,1,1,1
905,6,6,6,6
906,8,8,8,8
907,4,4,4,4
908,8,8,8,8
909,1,1,1,1
910,0,0,0,0
911,4,4,4,4
912,6,6,6,6
913,6,6,6,6
914,2,2,2,2
915,1,1,1,1
916,4,4,4,4
917,7,7,7,7
918,5,5,5,5
919,6,6,6,6
920,2,2,2,2
921,6,6,6,6
922,0,0,0,0
923,8,8,8,8
924,3,3,3,3
925,6,6,6,6
926,9,9,9,9
927,3,3,3,3
928,9,9,9,9
929,2,2,2,2
930,6,6,6,6
931,1,1,1,1
932,9,9,9,9
933,4,9,4,4
934,2,2,2,2
935,8,8,8,8
936,9,9,9,9
937,0,0,0,0
938,0,0,0,0
939,6,6,6,6
940,9,9,9,9
941,9,9,9,9
942,6,6,6,6
943,3,3,3,3
944,1,1,1,1
945,0,0,0,0
946,6,6,6,6
947,3,3,3,3
948,6,6,6,6
949,9,9,9,9
950,5,5,5,5
951,2,2,2,2
952,4,4,4,4
953,7,7,7,7
954,3,5,5,5
955,1,1,1,1
956,9,9,9,9
957,1,1,1,1
958,4,4,4,4
959,7,7,7,7
960,7,7,7,7
961,2,2,2,2
962,0,0,0,0
963,6,6,6,6
964,2,2,2,2
965,5,5,5,5
966,8,8,8,8
967,0,0,0,0
968,9,9,9,9
969,4,4,4,4
970,4,4,4,4
971,3,3,3,3
972,5,5,5,5
973,1,1,1,1
974,9,9,9,9
975,9,9,9,9
976,1,1,1,1
977,8,8,8,8
978,5,5,5,5
979,8,8,8,8
980,8,8,8,8
981,4,4,4,4
982,1,1,1,1
983,3,3,3,3
984,1,1,1,1
985,0,0,0,0
986,6,6,6,6
987,0,0,0,0
988,7,7,7,7
989,0,0,0,0
990,6,6,6,6
991,3,3,3,3
992,1,1,1,1
993,3,3,3,3
994,7,7,7,7
995,2,2,2,2
996,6,6,6,6
997,4,4,4,4
998,7,7,7,7
999,8,8,8,8
1000,4,4,4,4
1001,3,3,3,3
1002,7,7,7,7
1003,2,2,2,2
1004,1,1,1,1
1005,4,4,4,4
1006,4,4,4,4
1007,6,6,6,6
1008,4,4,4,4
1009,5,5,5,5
1010,2,2,2,2
1011,8,8,8,8
1012,4,4,4,4
1013,6,6,6,6
1014,3,3,3,3
1015,9,9,9,9
1016,2,2,2,2
1017,6,6,6,6
1018,6,6,6,6
1019,2,2,2,2
1020,7,7,7,7
1021,8,8,8,8
1022,7,7,7,7
1023,8,8,8,8
1024,7,7,7,7
1025,9,9,9,9
1026,4,4,4,4
1027,8,8,8,8
1028,9,9,9,9
1029,8,8,8,8
1030,6,6,6,6
1031,2,2,2,2
1032,3,3,3,3
1033,8,8,8,8
1034,8,8,8,8
1035,0,0,0,0
1036,9,9,9,9
1037,0,0,0,0
1038,4,4,4,4
1039,5,5,5,5
1040,7,7,7,7
1041,1,1,1,1
1042,4,4,4,4
1043,4,4,4,4
1044,4,4,4,9
1045,1,1,1,1
1046,2,2,2,2
1047,2,2,2,2
1048,9,9,9,9
1049,7,7,7,7
1050,2,2,2,2
1051,6,6,6,6
1052,1,1,1,1
1053,7,7,7,7
1054,3,3,3,3
1055,7,7,7,7
1056,9,9,9,9
1057,7,7,7,7
1058,6,6,6,6
1059,6,6,6,6
1060,4,4,4,4
1061,1,1,1,1
1062,0,0,0,0
1063,6,6,6,6
1064,6,6,6,6
1065,6,6,6,6
1066,0,0,0,0
1067,7,7,7,7
1068,8,8,8,8
1069,6,6,6,6
1070,0,0,0,0
1071,5,5,5,5
1072,0,0,0,0
1073,8,8,8,8
1074,4,4,4,4
1075,3,3,3,3
1076,0,0,0,0
1077,8,8,8,8
1078,2,2,2,2
1079,2,2,2,2
1080,3,3,3,3
1081,5,5,5,5
1082,9,9,9,9
1083,5,5,5,5
1084,1,1,1,1
1085,2,2,2,2
1086,4,4,4,4
1087,0,0,0,0
1088,6,6,6,6
1089,3,3,3,3
1090,2,2,2,2
1091,8,8,8,8
1092,6,6,6,6
1093,6,5,6,5
1094,7,7,7,7
1095,9,9,9,9
1096,1,1,1,1
1097,0,0,0,0
1098,3,3,3,3
1099,0,0,0,0
1100,1,1,1,1
1101,9,9,9,9
1102,8,8,8,8
1103,7,7,7,7
1104,4,4,4,4
1105,2,2,2,2
1106,3,3,3,3
1107,1,1,1,1
1108,2,2,2,2
1109,3,3,3,3
1110,7,7,7,7
1111,9,9,9,9
1112,0,0,0,0
1113,0,0,0,0
1114,9,9,9,9
1115,3,3,3,3
1116,2,2,2,2
1117,8,8,8,8
1118,8,8,8,8
1119,9,9,9,9
1120,4,4,4,4
1121,9,9,9,9
1122,0,0,0,0
1123,3,3,3,3
1124,9,9,9,9
1125,3,3,3,3
1126,4,4,4,4
1127,1,1,1,1
1128,0,0,0,0
1129,0,0,0,0
1130,5,5,5,5
1131,6,6,6,6
1132,2,2,2,2
1133,3,3,3,3
1134,4,4,4,4
1135,6,6,6,6
1136,6,6,6,6
1137,9,9,9,9
1138,9,9,9,9
1139,0,0,0,0
1140,0,0,0,0
1141,6,6,6,6
1142,3,3,3,3
1143,4,4,4,4
1144,0,0,0,0
1145,2,2,2,2
1146,1,1,1,1
1147,1,1,1,1
1148,0,0,0,0
1149,5,5,5,5
1150,1,1,1,1
1151,0,0,0,0
1152,8,8,8,8
1153,6,6,6,6
1154,9,9,9,9
1155,1,1,1,1
1156,9,9,9,9
1157,7,7,7,7
1158,8,8,8,8
1159,0,0,0,0
1160,4,4,4,4
1161,6,6,6,6
1162,3,3,3,3
1163,9,9,9,9
1164,4,4,4,4
1165,7,7,2,7
1166,0,0,0,0
1167,7,7,7,7
1168,5,5,5,5
1169,7,7,7,7
1170,3,3,3,3
1171,7,7,7,7
1172,8,8,8,8
1173,6,6,6,6
1174,2,2,2,2
1175,8,8,8,8
1176,8,8,8,8
1177,6,6,6,6
1178,8,8,8,8
1179,3,3,3,3
1180,1,1,1,1
1181,6,6,6,6
1182,4,4,4,4
1183,1,1,1,1
1184,5,5,5,5
1185,4,4,4,4
1186,4,4,4,4
1187,0,0,0,0
1188,1,1,1,1
1189,1,1,1,1
1190,7,7,7,7
1191,1,1,1,1
1192,2,2,2,2
1193,1,1,1,1
1194,7,7,7,7
1195,1,1,1,1
1196,3,3,3,3
1197,8,8,8,8
1198,1,1,1,1
1199,3,3,3,3
1200,9,9,9,9
1201,4,4,4,4
1202,5,5,5,5
1203,7,7,7,7
1204,9,9,9,9
1205,7,7,7,7
1206,6,6,6,6
1207,7,7,7,7
1208,3,3,3,3
1209,3,3,3,3
1210,1,1,1,1
1211,6,6,6,6
1212,7,7,7,7
1213,0,0,0,0
1214,4,4,4,4
1215,6,6,6,6
1216,5,5,5,5
1217,6,6,6,6
1218,5,5,5,5
1219,6,6,6,6
1220,4,4,4,4
1221,7,7,7,7
1222,6,6,6,6
1223,2,2,2,2
1224,9,9,9,9
1225,6,4,6,6
1226,6,6,6,6
1227,0,0,0,0
1228,2,2,2,2
1229,5,5,5,5
1230,8,8,8,8
1231,6,6,6,6
1232,4,4,4,4
1233,8,8,8,8
1234,5,5,5,5
1235,6,6,6,6
1236,7,7,7,7
1237,6,6,6,6
1238,4,4,4,4
1239,7,7,7,7
1240,1,1,1,1
1241,2,2,2,2
1242,5,5,5,5
1243,8,8,8,8
1244,3,3,3,3
1245,1,1,1,1
1246,3,3,3,3
1247,2,2,2,2
1248,0,0,0,0
1249,3,3,3,3
1250,8,8,8,8
1251,3,3,3,3
1252,1,1,1,1
1253,8,8,8,8
1254,2,2,2,2
1255,9,9,9,9
1256,9,9,9,9
1257,4,4,4,4
1258,7,7,7,7
1259,1,1,1,1
1260,7,7,7,7
1261,6,6,6,6
1262,6,6,6,6
1263,9,9,9,9
1264,5,5,5,5
1265,1,1,1,1
1266,2,2,2,2
1267,3,3,3,3
1268,2,2,2,2
1269,7,7,7,7
1270,5,5,5,5
1271,6,6,6,6
1272,8,8,8,8
1273,3,3,3,3
1274,7,7,7,7
1275,0,0,0,0
1276,2,2,2,2
1277,6,6,6,6
1278,1,1,1,1
1279,8,8,8,8
1280,6,6,6,6
1281,9,9,9,9
1282,6,6,6,6
1283,2,2,2,2
1284,4,4,4,4
1285,3,3,3,3
1286,7,7,7,7
1287,3,3,3,3
1288,5,5,5,5
1289,9,9,9,9
1290,0,0,0,0
1291,7,7,7,7
1292,5,5,5,5
1293,2,2,2,2
1294,7,7,7,7
1295,3,3,3,3
1296,6,6,6,6
1297,7,7,7,7
1298,0,0,0,0
1299,9,9,9,9
1300,1,1,1,1
1301,4,4,4,4
1302,1,1,1,1
1303,6,6,6,6
1304,5,5,5,5
1305,3,3,3,3
1306,9,9,9,9
1307,5,5,5,5
1308,1,1,1,1
1309,2,2,2,2
1310,7,7,7,7
1311,7,7,7,7
1312,8,8,8,8
1313,0,0,0,0
1314,8,8,8,8
1315,7,7,7,7
1316,1,1,1,1
1317,1,1,1,1
1318,0,0,0,0
1319,6,6,6,6
1320,4,4,4,4
1321,4,4,4,4
1322,0,0,0,0
1323,3,3,3,3
1324,6,6,6,6
1325,4,4,4,4
1326,4,4,4,4
1327,9,9,9,9
1328,7,7,7,7
1329,5,5,5,5
1330,6,6,6,6
1331,8,8,8,8
1332,5,5,5,5
1333,4,4,4,4
1334,5,5,5,5
1335,0,0,0,0
1336,0,0,0,0
1337,1,1,1,1
1338,1,1,1,1
1339,1,1,1,1
1340,0,0,0,0
1341,8,8,8,8
1342,2,2,2,2
1343,4,4,4,4
1344,2,2,2,2
1345,3,3,3,3
1346,2,2,2,2
1347,5,5,5,5
1348,0,0,0,0
1349,2,2,2,2
1350,4,4,4,4
1351,4,4,4,4
1352,4,4,4,4
1353,1,1,1,1
1354,2,2,2,2
1355,9,9,9,9
1356,1,1,1,1
1357,0,0,0,0
1358,2,2,2,2
1359,4,4,4,4
1360,6,6,6,6
1361,7,7,7,7
1362,5,5,5,5
1363,3,3,3,3
1364,7,7,7,7
1365,9,9,9,9
1366,9,9,9,9
1367,8,8,8,8
1368,4,4,4,4
1369,3,3,3,3
1370,6,6,6,6
1371,0,0,0,0
1372,4,4,4,4
1373,3,3,3,3
1374,1,1,1,1
1375,6,6,6,6
1376,5,5,5,5
1377,9,9,9,9
1378,8,8,8,8
1379,8,8,8,8
1380,0,0,0,0
1381,8,8,8,8
1382,3,3,3,3
1383,7,7,7,7
1384,3,3,3,3
1385,7,7,7,7
1386,9,9,9,9
1387,5,5,5,5
1388,6,6,6,6
1389,4,4,4,4
1390,8,8,8,8
1391,0,0,0,0
1392,4,4,4,4
1393,5,5,5,5
1394,0,0,0,0
1395,7,7,7,7
1396,4,4,4,4
1397,3,3,3,3
1398,1,1,1,1
1399,4,4,4,4
1400,7,7,7,7
1401,1,1,1,1
1402,0,0,0,0
1403,2,2,2,2
1404,7,7,7,7
1405,3,3,3,3
1406,9,9,9,9
1407,2,2,2,2
1408,3,3,3,3
1409,4,4,4,4
1410,4,4,4,4
1411,8,8,8,8
1412,8,8,8,8
1413,3,3,3,3
1414,5,5,5,5
1415,4,4,4,4
1416,0,0,0,0
1417,2,2,2,2
1418,6,6,6,6
1419,3,3,3,3
1420,3,3,3,5
1421,5,5,5,5
1422,3,3,3,3
1423,7,7,7,7
1424,7,7,7,7
1425,2,2,2,2
1426,6,6,6,6
1427,6,6,6,6
1428,5,5,5,5
1429,2,2,2,2
1430,6,6,6,6
1431,7,7,7,7
1432,5,5,5,5
1433,4,4,4,4
1434,8,8,8,8
1435,5,5,5,5
1436,9,9,9,9
1437,6,6,6,6
1438,3,3,3,3
1439,0,0,0,0
1440,1,1,1,1
1441,2,2,2,2
1442,1,1,1,1
1443,5,5,5,5
1444,4,4,4,4
1445,9,9,9,9
1446,7,7,7,7
1447,0,0,0,0
1448,6,6,6,6
1449,8,8,8,8
1450,4,4,4,4
1451,9,9,9,9
1452,6,6,6,6
1453,8,8,8,8
1454,0,0,0,0
1455,1,1,1,1
1456,9,9,9,9
1457,9,9,9,9
1458,4,4,4,4
1459,6,6,6,6
1460,3,3,3,3
1461,1,1,1,1
1462,7,7,7,7
1463,9,9,9,9
1464,5,5,5,5
1465,6,6,6,6
1466,3,3,3,3
1467,2,2,2,2
1468,5,5,5,5
1469,6,6,6,6
1470,2,2,2,2
1471,1,1,1,1
1472,1,1,1,1
1473,2,2,2,2
1474,2,2,2,2
1475,7,7,7,7
1476,9,9,9,9
1477,8,8,8,8
1478,5,5,5,3
1479,8,8,8,8
1480,7,7,7,7
1481,2,2,2,2
1482,0,0,0,0
1483,0,0,0,0
1484,3,3,3,3
1485,3,3,3,3
1486,8,8,8,8
1487,7,7,7,7
1488,2,2,2,2
1489,6,6,6,6
1490,7,7,7,7
1491,3,3,3,3
1492,4,4,4,4
1493,8,8,8,8
1494,9,9,9,9
1495,1,1,1,1
1496,5,5,5,5
1497,5,5,5,5
1498,5,5,5,5
1499,5,5,5,5
1500,3,3,3,3
1501,4,4,4,4
1502,2,2,2,2
1503,0,0,0,0
1504,9,9,9,9
1505,6,6,6,6
1506,1,1,1,1
1507,0,0,0,0
1508,1,1,1,1
1509,6,6,6,6
1510,3,3,3,3
1511,7,7,7,7
1512,3,3,3,3
1513,1,1,1,1
1514,7,7,7,7
1515,7,7,7,7
1516,2,2,2,2
1517,2,2,2,2
1518,8,8,8,8
1519,2,2,2,2
1520,3,3,3,3
1521,5,5,5,5
1522,1,1,1,1
1523,5,5,5,5
1524,9,9,9,9
1525,1,1,1,1
1526,1,1,1,1
1527,9,9,9,9
1528,0,0,0,0
1529,3,3,3,3
1530,2,2,2,2
1531,0,0,0,0
1532,1,1,1,1
1533,6,6,6,6
1534,5,5,5,5
1535,8,8,8,8
1536,1,1,1,1
1537,2,2,2,2
1538,5,5,5,5
1539,9,9,4,9
1540,9,9,9,9
1541,3,3,3,3
1542,0,0,0,0
1543,9,9,9,9
1544,7,7,7,7
1545,2,2,2,2
1546,3,3,3,3
1547,6,6,6,6
1548,1,1,1,1
1549,9,9,9,9
1550,1,1,1,1
1551,9,9,9,9
1552,7,7,7,7
1553,1,1,1,1
1554,4,4,4,4
1555,1,1,1,1
1556,1,1,1,1
1557,6,6,6,6
1558,6,6,6,6
1559,6,6,6,6
1560,6,6,6,6
1561,7,7,7,7
1562,0,0,0,0
1563,3,3,3,3
1564,7,7,7,7
1565,5,5,5,5
1566,0,0,0,0
1567,7,7,7,7
1568,7,7,7,7
1569,2,2,2,2
1570,8,8,8,8
1571,9,8,9,8
1572,3,3,3,3
1573,4,4,4,4
1574,4,4,4,4
1575,1,1,1,1
1576,4,4,4,4
1577,2,2,2,2
1578,6,6,6,6
1579,2,2,2,2
1580,2,2,2,2
1581,3,3,3,3
1582,3,3,3,3
1583,4,4,4,4
1584,8,8,8,8
1585,4,4,4,4
1586,8,8,8,8
1587,5,5,5,5
1588,4,4,4,4
1589,7,7,7,7
1590,7,7,7,7
1591,7,7,7,7
1592,1,1,1,1
1593,8,8,8,8
1594,4,4,4,4
1595,8,8,8,8
1596,5,5,5,5
1597,6,6,6,6
1598,9,9,9,9
1599,2,2,2,2
1600,5,5,5,5
1601,2,2,2,2
1602,1,1,1,1
1603,6,6,6,6
1604,0,0,0,0
1605,7,7,7,7
1606,8,8,8,8
1607,1,1,1,1
1608,2,2,2,2
1609,8,8,8,8
1610,6,6,6,6
1611,4,4,4,4
1612,5,5,5,5
1613,8,8,8,8
1614,4,4,4,4
1615,2,2,2,2
1616,5,5,5,5
1617,0,0,0,0
1618,5,5,5,5
1619,1,1,1,1
1620,1,1,1,1
1621,7,7,7,7
1622,3,3,3,3
1623,5,5,5,5
1624,6,6,6,6
1625,9,9,9,9
1626,2,2,2,2
1627,9,9,9,9
1628,2,2,2,2
1629,4,4,4,4
1630,0,0,0,0
1631,1,1,1,1
1632,1,1,1,1
1633,8,8,8,8
1634,5,5,5,5
1635,2,2,2,2
1636,4,4,4,4
1637,8,8,8,8
1638,2,2,2,2
1639,2,2,2,2
1640,7,7,7,7
1641,8,8,8,8
1642,7,7,7,7
1643,5,5,5,5
1644,3,3,3,3
1645,1,1,1,1
1646,2,2,2,2
1647,1,1,1,1
1648,1,1,1,1
1649,1,1,1,1
1650,7,7,7,7
1651,4,4,4,4
1652,4,4,4,4
1653,1,1,1,1
1654,8,8,8,8
1655,4,4,4,4
1656,7,7,7,7
1657,2,2,2,2
1658,1,1,1,1
1659,8,8,8,8
1660,8,8,8,8
1661,4,4,4,4
1662,9,9,9,9
1663,0,0,0,0
1664,5,5,5,5
1665,4,4,4,4
1666,0,0,0,0
1667,9,9,9,9
1668,2,2,2,2
1669,0,0,0,0
1670,3,3,3,3
1671,2,2,2,2
1672,2,2,2,2
1673,5,5,5,5
1674,9,9,9,9
1675,0,0,0,0
1676,2,2,2,2
1677,8,8,8,8
1678,8,8,8,8
1679,5,5,5,5
1680,6,6,6,6
1681,1,1,1,1
1682,5,5,5,5
1683,5,5,5,5
1684,0,0,0,0
1685,5,5,5,5
1686,2,2,2,2
1687,2,2,2,2
1688,7,7,7,7
1689,2,2,2,2
1690,9,9,9,9
1691,3,3,3,3
1692,7,7,7,7
1693,1,1,1,1
1694,8,8,8,8
1695,7,7,7,7
1696,1,1,1,1
1697,5,5,5,5
1698,5,5,5,5
1699,0,0,0,0
1700,9,9,9,9
1701,0,0,0,0
1702,3,3,3,3
1703,8,8,8,8
1704,5,5,5,5
1705,1,1,1,1
1706,1,1,1,1
1707,5,5,5,5
1708,4,4,4,4
1709,1,1,1,1
1710,0,0,0,0
1711,6,6,6,6
1712,8,8,8,8
1713,2,2,2,2
1714,5,5,5,5
1715,3,3,3,3
1716,0,0,0,0
1717,5,5,5,5
1718,0,0,0,0
1719,0,0,0,0
1720,3,3,3,3
1721,3,3,3,3
1722,6,6,6,6
1723,9,9,9,9
1724,2,2,2,2
1725,5,5,5,5
1726,7,7,7,7
1727,0,0,0,0
1728,2,2,2,2
1729,8,8,8,8
1730,8,8,8,8
1731,6,6,6,6
1732,0,0,0,0
1733,2,2,2,2
1734,7,7,7,7
1735,7,7,7,7
1736,0,0,0,0
1737,3,3,3,3
1738,1,1,1,1
1739,7,7,7,7
1740,9,9,9,9
1741,5,5,5,5
1742,6,6,6,6
1743,4,4,4,4
1744,7,7,7,7
1745,6,6,6,6
1746,5,5,5,5
1747,9,9,9,9
1748,8,8,8,8
1749,9,9,9,9
1750,4,4,4,4
1751,4,4,4,4
1752,6,6,6,6
1753,4,4,4,4
1754,3,3,3,3
1755,5,5,5,5
1756,3,3,3,3
1757,2,2,2,2
1758,3,3,3,3
1759,5,5,5,5
1760,6,6,6,6
1761,8,8,8,8
1762,0,0,0,0
1763,1,1,1,1
1764,6,6,6,6
1765,5,5,5,5
1766,7,7,7,7
1767,5,5,5,5
1768,5,5,5,5
1769,6,6,6,6
1770,3,3,3,3
1771,6,6,6,6
1772,9,9,9,9
1773,4,4,4,4
1774,2,2,2,2
1775,6,6,6,6
1776,6,6,6,6
1777,2,2,2,2
1778,8,8,8,8
1779,0,0,0,0
1780,6,6,6,6
1781,6,6,6,6
1782,4,4,4,4
1783,9,9,9,9
1784,4,4,4,4
1785,1,1,1,1
1786,9,9,9,9
1787,3,3,3,3
1788,9,9,9,9
1789,2,2,2,2
1790,8,8,8,8
1791,6,6,6,6
1792,8,8,8,8
1793,0,0,0,0
1794,5,5,5,5
1795,0,0,0,0
1796,1,1,1,1
1797,4,4,4,4
1798,0,0,8,0
1799,6,6,6,6
1800,5,5,5,5
1801,5,5,5,5
1802,9,9,9,9
1803,2,2,2,2
1804,5,5,5,5
1805,2,2,2,2
1806,1,1,1,1
1807,9,9,9,9
1808,0,0,0,0
1809,1,1,1,1
1810,1,1,1,1
1811,7,7,7,7
1812,2,2,2,2
1813,9,9,9,9
1814,1,1,1,1
1815,9,9,9,9
1816,8,8,8,8
1817,3,3,3,3
1818,6,6,6,6
1819,2,2,2,2
1820,7,7,7,7
1821,1,1,1,1
1822,5,5,5,5
1823,3,3,3,3
1824,2,2,2,2
1825,5,5,5,5
1826,6,6,6,6
1827,8,8,8,8
1828,0,0,0,0
1829,3,3,3,3
1830,4,4,4,4
1831,3,3,3,3
1832,6,2,6,6
1833,8,8,8,8
1834,2,2,2,2
1835,6,6,6,6
1836,8,8,8,8
1837,7,7,7,7
1838,1,1,1,1
1839,4,4,4,4
1840,1,1,1,1
1841,4,4,4,4
1842,1,1,1,1
1843,8,8,8,8
1844,3,3,3,3
1845,8,8,8,8
1846,7,7,7,7
1847,4,4,4,4
1848,3,3,3,3
1849,3,3,3,3
1850,8,8,8,8
1851,9,9,9,9
1852,6,6,6,6
1853,3,3,3,3
1854,6,6,6,6
1855,6,6,6,6
1856,6,6,6,6
1857,7,7,7,7
1858,2,2,2,2
1859,9,9,9,9
1860,0,0,0,0
1861,5,5,5,5
1862,4,4,4,4
1863,2,2,2,2
1864,5,5,5,5
1865,3,3,3,3
1866,9,9,9,9
1867,4,4,4,4
1868,6,6,6,6
1869,0,0,0,0
1870,0,0,0,0
1871,3,3,3,3
1872,8,8,8,8
1873,5,5,5,5
1874,9,9,9,9
1875,7,7,7,7
1876,1,1,1,1
1877,6,6,6,6
1878,6,6,6,6
1879,3,3,3,3
1880,5,5,5,5
1881,6,6,6,6
1882,9,9,9,9
1883,5,5,5,5
1884,7,7,7,7
1885,4,4,4,4
1886,0,0,0,0
1887,1,1,1,1
1888,4,4,4,4
1889,1,1,1,1
1890,2,2,2,2
1891,6,6,6,6
1892,6,6,6,6
1893,7,7,7,7
1894,6,6,6,6
1895,4,4,4,4
1896,3,3,3,3
1897,0,0,0,0
1898,1,1,1,1
1899,8,8,8,8
1900,2,2,2,2
1901,2,2,2,2
1902,8,8,8,8
1903,2,2,2,2
1904,3,3,3,3
1905,9,9,9,9
1906,7,7,7,7
1907,2,2,2,2
1908,9,9,9,9
1909,2,2,2,2
1910,2,2,2,2
1911,0,0,0,0
1912,5,5,5,5
1913,5,5,5,5
1914,0,0,0,0
1915,9,9,9,9
1916,4,4,4,4
1917,4,4,4,4
1918,7,7,7,7
1919,2,2,2,2
1920,7,7,7,7
1921,3,3,3,3
1922,6,6,6,6
1923,2,2,2,2
1924,7,7,7,7
1925,7,7,7,7
1926,1,1,1,1
1927,7,7,7,7
1928,4,4,4,4
1929,2,2,2,2
1930,2,2,2,2
1931,6,6,6,6
1932,0,0,0,0
1933,9,9,9,9
1934,9,9,9,9
1935,3,3,3,3
1936,5,5,5,5
1937,0,0,0,0
1938,2,2,2,2
1939,0,0,0,0
1940,7,7,7,7
1941,4,4,4,4
1942,6,6,6,6
1943,4,4,4,4
1944,0,0,0,0
1945,0,0,0,0
1946,4,4,4,4
1947,2,2,2,2
1948,7,7,7,7
1949,2,2,2,2
1950,3,3,3,3
1951,5,5,5,5
1952,3,3,3,3
1953,7,7,7,7
1954,7,7,7,7
1955,9,9,9,9
1956,0,0,0,0
1957,1,1,1,1
1958,8,8,8,8
1959,0,0,0,0
1960,0,0,0,0
1961,6,6,6,6
1962,0,0,0,0
1963,2,2,2,2
1964,5,5,5,5
1965,4,4,4,4
1966,1,1,1,1
1967,6,6,6,6
1968,5,5,5,5
1969,4,4,4,4
1970,2,2,2,2
1971,5,5,5,5
1972,2,2,2,2
1973,7,7,7,7
1974,8,8,8,8
1975,9,9,9,9
1976,2,2,2,2
1977,6,6,6,6
1978,3,3,3,3
1979,6,6,6,6
1980,7,7,7,7
1981,7,7,7,7
1982,6,6,6,6
1983,8,8,8,8
1984,2,2,2,2
1985,0,0,0,0
1986,6,6,6,6
1987,9,9,9,9
1988,4,4,4,4
1989,4,4,4,4
1990,5,5,5,5
1991,1,1,1,1
1992,0,0,0,0
1993,1,1,1,1
1994,2,2,2,2
1995,2,2,2,2
1996,7,7,7,7
1997,8,8,8,8
1998,3,3,3,3
1999,2,2,2,2
2000,9,9,9,9
2001,4,4,4,4
2002,5,5,5,5
2003,5,5,5,5
2004,6,6,6,6
2005,1,1,1,1
2006,4,4,4,4
2007,2,2,2,2
2008,2,2,2,2
2009,6,6,6,6
2010,7,7,7,7
2011,1,1,1,1
2012,7,7,7,7
2013,8,8,8,8
2014,6,6,6,6
2015,2,2,2,2
2016,6,6,6,6
2017,2,2,2,2
2018,8,8,8,8
2019,2,2,2,2
2020,1,1,1,1
2021,7,7,7,7
2022,2,2,2,2
2023,1,1,1,1
2024,4,4,4,4
2025,9,9,9,9
2026,4,4,4,4
2027,8,8,8,8
2028,7,7,7,7
2029,8,8,8,8
2030,7,7,7,7
2031,4,4,4,4
2032,3,3,3,3
2033,4,4,4,4
2034,0,0,0,0
2035,2,2,2,2
2036,1,1,1,1
2037,6,6,6,6
2038,9,9,9,9
2039,4,4,4,4
2040,3,3,3,3
2041,8,8,8,8
2042,5,5,5,5
2043,2,2,2,2
2044,9,9,9,9
2045,8,8,8,8
2046,7,7,7,7
2047,7,7,7,7
2048,1,1,1,1
2049,6,6,6,6
2050,3,3,3,3
2051,8,8,8,8
2052,4,4,4,4
2053,1,1,1,1
2054,4,4,4,4
2055,4,4,4,4
2056,9,9,9,9
2057,3,5,3,3
2058,9,9,9,9
2059,0,0,0,0
2060,7,7,7,7
2061,2,2,2,2
2062,7,7,7,7
2063,8,8,8,8
2064,7,7,7,7
2065,4,4,4,4
2066,4,4,4,4
2067,7,7,7,7
2068,2,2,2,2
2069,3,3,3,3
2070,1,1,1,1
2071,1,1,1,1
2072,3,3,3,3
2073,0,0,0,0
2074,8,8,8,8
2075,5,5,5,5
2076,4,4,4,4
2077,5,5,5,5
2078,5,5,5,5
2079,1,1,1,1
2080,3,3,3,3
2081,9,9,9,9
2082,8,8,8,8
2083,0,0,0,0
2084,4,4,4,4
2085,0,0,0,0
2086,2,2,2,2
2087,8,8,8,8
2088,8,8,8,8
2089,4,4,4,4
2090,8,8,8,8
2091,8,8,8,8
2092,0,0,0,0
2093,8,8,8,8
2094,1,1,1,1
2095,1,1,1,1
2096,9,9,9,9
2097,1,1,1,1
2098,9,9,9,9
2099,1,1,1,1
2100,9,9,9,9
2101,7,7,7,7
2102,2,2,2,2
2103,2,2,2,2
2104,7,7,7,7
2105,4,4,4,4
2106,3,3,3,3
2107,2,2,2,2
2108,8,8,8,8
2109,6,6,6,6
2110,0,0,0,0
2111,2,2,2,2
2112,7,7,7,7
2113,5,5,5,5
2114,9,9,9,9
2115,6,6,6,6
2116,9,9,9,9
2117,5,5,5,5
2118,9,9,9,9
2119,7,7,7,7
2120,1,1,1,1
2121,0,0,0,0
2122,0,0,0,0
2123,4,4,4,4
2124,2,2,2,2
2125,2,2,2,2
2126,3,3,3,3
2127,2,2,2,2
2128,1,1,1,1
2129,8,8,8,8
2130,2,2,2,2
2131,9,9,9,9
2132,9,9,9,9
2133,2,2,2,2
2134,6,6,6,6
2135,0,0,0,0
2136,3,3,3,3
2137,5,5,5,5
2138,3,3,3,3
2139,3,3,3,3
2140,7,7,7,7
2141,0,0,0,0
2142,1,1,1,1
2143,2,2,2,2
2144,7,7,7,7
2145,9,9,9,9
2146,5,5,5,5
2147,3,3,3,3
2148,0,0,0,0
2149,0,0,0,0
2150,1,1,1,1
2151,5,5,5,5
2152,8,8,8,8
2153,7,7,7,7
2154,0,0,0,0
2155,6,6,6,6
2156,4,4,4,4
2157,6,6,6,6
2158,9,9,9,9
2159,1,1,1,1
2160,1,1,1,1
2161,3,3,3,3
2162,7,7,7,7
2163,5,5,5,5
2164,9,9,9,9
2165,8,8,8,8
2166,8,8,8,8
2167,1,1,1,1
2168,8,8,8,8
2169,6,6,6,6
2170,6,6,6,6
2171,5,5,5,5
2172,8,8,8,8
2173,6,6,6,6
2174,7,7,7,7
2175,4,4,4,4
2176,3,3,3,3
2177,2,2,2,2
2178,1,1,1,1
2179,7,7,7,7
2180,7,7,7,7
2181,0,0,0,0
2182,2,2,2,2
2183,1,1,1,1
2184,5,5,5,5
2185,6,6,6,6
2186,7,7,7,7
2187,3,3,3,3
2188,6,6,6,6
2189,3,3,3,3
2190,6,6,6,6
2191,1,1,1,1
2192,9,9,9,9
2193,3,3,3,3
2194,1,1,1,1
2195,1,1,1,1
2196,7,7,7,7
2197,6,6,6,6
2198,5,5,5,5
2199,1,1,1,1
2200,6,6,6,6
2201,8,8,8,8
2202,9,9,9,9
2203,0,0,0,0
2204,8,8,8,8
2205,9,9,9,9
2206,1,1,1,1
2207,8,8,8,8
2208,9,9,9,9
2209,5,5,5,5
2210,2,2,2,2
2211,2,2,2,2
2212,7,7,7,7
2213,6,6,6,6
2214,8,8,8,8
2215,7,7,7,7
2216,8,8,8,8
2217,9,9,9,9
2218,1,1,1,1
2219,9,9,9,9
2220,4,4,4,4
2221,6,6,6,6
2222,0,0,0,0
2223,8,8,8,8
2224,7,7,7,7
2225,6,6,6,6
2226,6,6,6,6
2227,7,7,7,7
2228,9,9,9,9
2229,9,9,9,9
2230,9,9,9,9
2231,2,2,2,2
2232,6,6,6,6
2233,1,1,1,1
2234,9,9,9,9
2235,3,3,3,3
2236,5,5,5,5
2237,3,3,3,3
2238,4,4,4,4
2239,2,2,2,2
2240,0,0,0,0
2241,3,3,3,3
2242,3,3,3,3
2243,7,7,7,7
2244,9,9,9,9
2245,0,0,0,0
2246,7,7,7,7
2247,3,3,3,3
2248,0,0,0,0
2249,2,2,2,2
2250,4,4,4,4
2251,6,6,6,6
2252,3,3,3,3
2253,1,1,1,1
2254,0,0,0,0
2255,2,2,2,2
2256,7,9,9,9
2257,8,8,8,8
2258,8,8,8,8
2259,4,4,4,4
2260,4,4,4,4
2261,0,0,0,0
2262,1,1,1,1
2263,8,8,8,8
2264,1,1,1,1
2265,5,5,5,5
2266,9,9,9,9
2267,2,2,2,2
2268,3,3,3,3
2269,3,3,3,3
2270,0,0,0,0
2271,1,1,1,1
2272,9,9,9,9
2273,3,3,3,3
2274,4,4,4,4
2275,9,9,9,9
2276,1,1,1,1
2277,4,4,4,4
2278,0,0,0,0
2279,5,5,5,5
2280,7,7,7,7
2281,2,2,2,2
2282,9,9,9,9
2283,9,9,9,9
2284,1,1,1,1
2285,8,8,8,8
2286,9,9,9,9
2287,8,8,8,8
2288,0,0,0,0
2289,3,3,3,3
2290,9,9,9,9
2291,9,9,9,9
2292,5,5,5,5
2293,5,5,5,5
2294,8,8,8,8
2295,4,4,4,4
2296,2,2,2,2
2297,4,4,4,4
2298,6,6,6,6
2299,6,5,6,6
2300,4,4,4,4
2301,9,9,9,9
2302,2,2,2,2
2303,0,0,0,0
2304,1,1,1,1
2305,7,7,7,7
2306,1,1,1,1
2307,2,2,2,2
2308,8,8,8,8
2309,1,1,1,1
2310,7,7,7,7
2311,6,6,6,6
2312,3,3,3,3
2313,2,2,2,2
2314,2,2,2,2
2315,1,1,1,1
2316,8,8,8,8
2317,9,9,9,9
2318,4,4,4,4
2319,9,9,9,8
2320,2,2,2,2
2321,6,6,6,6
2322,1,1,1,1
2323,3,3,3,3
2324,3,3,3,3
2325,2,2,2,2
2326,9,9,9,9
2327,0,0,0,0
2328,1,1,1,1
2329,8,8,8,8
2330,1,1,1,1
2331,2,2,2,2
2332,9,9,9,9
2333,8,8,8,8
2334,3,3,3,3
2335,6,6,6,6
2336,2,2,2,2
2337,7,7,7,7
2338,4,4,4,4
2339,6,6,6,6
2340,9,9,9,9
2341,7,7,7,7
2342,4,4,4,4
2343,5,5,5,5
2344,2,2,2,2
2345,7,7,7,7
2346,5,5,5,5
2347,2,2,2,2
2348,9,9,9,9
2349,8,8,8,8
2350,3,3,3,3
2351,5,5,5,5
2352,6,6,6,6
2353,2,2,2,2
2354,1,1,1,1
2355,2,2,2,2
2356,7,7,7,7
2357,1,1,1,1
2358,2,2,2,2
2359,3,3,3,3
2360,4,4,4,4
2361,7,7,7,7
2362,1,1,1,1
2363,9,9,9,9
2364,0,0,0,0
2365,9,9,9,9
2366,8,8,8,8
2367,8,8,8,8
2368,4,4,4,4
2369,8,8,8,8
2370,6,6,6,6
2371,4,4,4,4
2372,3,3,3,3
2373,9,9,9,9
2374,3,3,3,3
2375,1,1,1,1
2376,8,8,8,8
2377,4,4,4,4
2378,1,1,1,1
2379,1,1,1,1
2380,9,9,4,9
2381,0,0,0,0
2382,1,1,1,1
2383,6,6,6,6
2384,1,1,1,1
2385,7,7,7,7
2386,0,0,0,0
2387,1,1,1,1
2388,5,5,5,5
2389,1,1,1,1
2390,4,4,4,4
2391,7,7,7,7
2392,3,3,3,3
2393,0,0,0,0
2394,0,0,0,0
2395,8,8,8,8
2396,2,2,2,2
2397,6,6,6,6
2398,4,4,4,4
2399,0,0,0,0
2400,4,4,4,4
2401,1,1,1,1
2402,0,0,0,0
2403,7,7,7,7
2404,6,6,6,6
2405,5,5,5,5
2406,9,9,9,9
2407,4,4,4,4
2408,0,0,0,0
2409,6,6,6,6
2410,7,7,7,7
2411,1,1,1,1
2412,8,8,8,8
2413,8,8,8,8
2414,1,1,1,1
2415,7,7,7,7
2416,8,8,8,8
2417,1,1,1,1
2418,1,1,1,1
2419,4,4,4,4
2420,7,7,7,7
2421,0,0,0,0
2422,3,3,3,3
2423,1,1,1,1
2424,5,5,5,5
2425,2,2,2,2
2426,3,3,3,3
2427,1,1,1,1
2428,6,6,6,6
2429,6,6,6,6
2430,1,1,1,1
2431,2,2,2,2
2432,1,1,1,1
2433,8,8,8,8
2434,7,7,7,7
2435,0,0,0,0
2436,2,2,2,2
2437,2,2,2,2
2438,0,0,0,0
2439,8,8,8,8
2440,6,6,6,6
2441,9,9,9,9
2442,3,3,1,3
2443,4,9,4,4
2444,3,3,3,3
2445,3,3,3,3
2446,6,6,6,6
2447,8,8,8,8
2448,6,6,6,6
2449,6,6,6,6
2450,6,6,6,6
2451,3,3,3,3
2452,9,9,9,9
2453,6,6,6,6
2454,3,3,3,3
2455,8,8,8,8
2456,4,4,4,4
2457,9,9,9,9
2458,6,6,6,6
2459,4,4,4,4
2460,4,4,4,4
2461,0,0,0,0
2462,9,9,9,9
2463,1,1,1,1
2464,3,3,3,3
2465,9,9,9,9
2466,9,9,9,9
2467,1,1,1,1
2468,3,3,3,3
2469,0,0,0,0
2470,2,2,2,2
2471,7,7,7,7
2472,7,7,7,7
2473,6,6,6,6
2474,1,1,1,1
2475,7,7,7,7
2476,2,2,2,2
2477,9,9,9,9
2478,2,2,2,2
2479,5,5,5,5
2480,7,7,7,7
2481,5,5,5,5
2482,6,6,6,6
2483,1,1,1,1
2484,4,4,4,4
2485,8,8,8,8
2486,7,7,7,7
2487,3,3,3,3
2488,1,1,1,1
2489,1,1,1,1
2490,5,5,5,5
2491,0,0,0,0
2492,0,0,0,0
2493,3,3,3,3
2494,1,1,1,1
2495,0,0,0,0
2496,9,9,9,9
2497,7,7,7,7
2498,0,0,0,0
2499,9,9,9,9
2500,9,9,9,9
2501,8,8,8,8
2502,2,2,2,2
2503,4,4,4,4
2504,8,8,8,8
2505,4,4,4,4
2506,0,0,0,0
2507,6,6,6,6
2508,0,0,0,0
2509,9,9,9,9
2510,4,4,4,4
2511,0,0,0,0
2512,0,0,0,0
2513,1,1,1,1
2514,7,7,7,7
2515,5,5,5,5
2516,4,4,4,4
2517,8,8,8,8
2518,0,0,0,0
2519,0,0,0,0
2520,5,5,5,5
2521,1,1,1,1
2522,1,1,1,1
2523,1,1,1,1
2524,2,2,2,2
2525,9,9,9,9
2526,9,9,9,9
2527,2,2,2,2
2528,8,8,8,8
2529,1,1,1,1
2530,9,9,9,9
2531,6,6,6,6
2532,2,2,2,2
2533,4,4,4,4
2534,3,3,3,3
2535,6,6,6,6
2536,4,4,4,4
2537,3,3,3,3
2538,2,2,2,2
2539,6,6,6,6
2540,8,8,8,8
2541,8,8,8,8
2542,1,1,1,1
2543,0,0,0,0
2544,5,5,5,5
2545,9,9,9,9
2546,6,6,6,6
2547,5,5,5,5
2548,1,1,1,1
2549,2,2,2,2
2550,5,5,5,5
2551,4,4,4,4
2552,3,3,3,3
2553,8,8,8,8
2554,3,3,3,3
2555,4,4,4,4
2556,3,3,3,3
2557,7,7,7,7
2558,4,4,4,4
2559,0,0,0,0
2560,1,1,1,1
2561,3,3,3,3
2562,2,2,2,2
2563,4,4,4,4
2564,8,8,8,8
2565,1,1,1,1
2566,7,7,7,7
2567,4,4,4,4
2568,9,9,9,9
2569,9,9,9,9
2570,9,9,9,9
2571,4,4,4,4
2572,7,7,7,7
2573,3,3,3,3
2574,5,5,5,5
2575,3,3,3,3
2576,8,8,8,8
2577,2,2,2,2
2578,8,8,8,8
2579,1,1,1,1
2580,0,0,0,0
2581,9,9,9,9
2582,9,9,9,9
2583,7,7,7,7
2584,6,6,6,6
2585,5,5,5,5
2586,8,8,8,8
2587,1,1,1,1
2588,1,1,1,1
2589,4,4,4,4
2590,2,2,2,2
2591,2,2,2,2
2592,2,2,2,2
2593,7,7,7,7
2594,4,4,4,4
2595,7,7,7,7
2596,6,6,6,6
2597,5,5,5,5
2598,4,4,4,4
2599,3,3,3,3
2600,5,5,5,5
2601,5,5,5,5
2602,1,1,1,1
2603,7,7,7,7
2604,0,0,0,0
2605,5,5,5,5
2606,2,2,2,2
2607,5,5,5,5
2608,8,8,8,8
2609,2,2,2,2
2610,9,9,9,9
2611,8,8,8,8
2612,6,6,6,6
2613,6,6,6,6
2614,5,5,5,5
2615,1,1,1,1
2616,6,6,6,6
2617,7,7,7,7
2618,4,4,4,4
2619,5,5,5,5
2620,9,9,9,9
2621,3,3,3,3
2622,7,7,7,7
2623,4,4,4,4
2624,3,3,3,3
2625,4,4,4,4
2626,9,9,9,9
2627,8,8,8,8
2628,7,7,7,7
2629,4,4,4,4
2630,6,6,6,6
2631,5,5,5,5
2632,9,9,9,9
2633,0,0,0,0
2634,2,2,2,2
2635,6,6,6,6
2636,6,6,6,6
2637,2,2,2,2
2638,7,7,7,7
2639,3,3,3,3
2640,2,2,2,2
2641,2,2,2,2
2642,0,0,0,0
2643,6,6,6,6
2644,4,4,4,4
2645,6,6,6,6
2646,7,7,7,7
2647,5,5,5,5
2648,5,5,5,5
2649,4,4,4,4
2650,0,0,0,0
2651,7,7,7,7
2652,0,0,0,0
2653,0,0,0,0
2654,3,3,3,3
2655,0,0,0,0
2656,7,7,7,7
2657,2,2,2,2
2658,1,1,1,1
2659,0,0,0,0
2660,8,8,8,8
2661,2,2,2,2
2662,9,9,9,9
2663,8,8,8,8
2664,6,6,6,6
2665,8,8,8,8
2666,6,6,6,6
2667,0,0,0,0
2668,9,9,9,9
2669,3,3,3,3
2670,0,0,0,0
2671,7,7,7,7
2672,8,8,8,8
2673,3,3,3,3
2674,6,6,6,6
2675,3,3,3,3
2676,5,5,5,5
2677,7,7,7,7
2678,7,7,7,7
2679,6,6,6,6
2680,7,7,7,7
2681,1,1,1,1
2682,7,7,7,7
2683,1,1,1,1
2684,1,1,1,1
2685,9,9,9,9
2686,8,8,8,8
2687,1,1,1,1
2688,7,7,7,7
2689,0,0,0,6
2690,6,6,6,6
2691,6,6,6,6
2692,9,9,9,9
2693,9,9,9,9
2694,7,7,7,7
2695,4,4,4,4
2696,5,5,5,5
2697,3,3,3,3
2698,5,5,5,5
2699,4,4,4,4
2700,2,2,2,2
2701,4,4,4,4
2702,7,7,7,7
2703,6,6,6,6
2704,4,4,4,4
2705,2,2,2,2
2706,1,1,1,1
2707,5,5,5,5
2708,3,3,3,3
2709,0,0,0,0
2710,3,3,3,3
2711,2,2,2,2
2712,3,3,3,3
2713,8,8,8,8
2714,7,7,7,7
2715,1,1,1,1
2716,2,2,2,2
2717,9,9,9,9
2718,1,1,1,1
2719,3,3,3,3
2720,7,7,7,7
2721,5,5,5,5
2722,1,1,1,1
2723,3,3,3,3
2724,6,6,6,6
2725,6,6,6,6
2726,5,5,5,5
2727,7,7,7,7
2728,8,8,8,8
2729,7,7,7,7
2730,8,8,8,8
2731,6,6,6,6
2732,3,3,3,3
2733,1,1,1,1
2734,4,4,4,4
2735,8,8,8,8
2736,6,6,6,6
2737,4,4,4,4
2738,4,4,4,4
2739,2,2,2,2
2740,6,6,6,6
2741,1,1,1,1
2742,8,8,8,8
2743,5,5,5,5
2744,7,7,7,7
2745,1,1,1,1
2746,2,2,2,2
2747,3,3,3,3
2748,2,2,2,2
2749,9,9,9,9
2750,1,1,1,1
2751,0,0,0,0
2752,8,8,8,8
2753,3,3,3,3
2754,9,9,9,9
2755,1,1,1,1
2756,0,0,0,0
2757,1,1,1,1
2758,0,0,0,0
2759,2,2,2,2
2760,9,9,9,9
2761,2,2,2,2
2762,1,1,1,1
2763,5,5,5,5
2764,8,8,8,8
2765,5,5,5,5
2766,4,4,4,4
2767,5,5,5,5
2768,8,8,8,8
2769,1,1,1,1
2770,2,2,2,2
2771,8,8,8,8
2772,4,4,4,4
2773,7,7,7,7
2774,9,9,9,9
2775,4,4,4,4
2776,0,0,0,0
2777,4,4,4,4
2778,1,1,1,1
2779,7,7,7,7
2780,1,1,1,1
2781,2,2,2,2
2782,0,0,0,0
2783,8,8,8,8
2784,2,2,2,2
2785,1,1,1,1
2786,5,5,5,5
2787,1,1,1,1
2788,2,2,2,2
2789,2,2,2,2
2790,9,9,9,9
2791,0,0,0,0
2792,2,2,2,2
2793,0,0,0,0
2794,6,6,6,6
2795,5,5,5,5
2796,1,1,1,1
2797,1,1,1,1
2798,8,8,8,8
2799,9,9,9,9
2800,3,3,3,3
2801,9,9,9,9
2802,3,3,3,3
2803,9,9,9,9
2804,4,4,4,4
2805,8,8,8,8
2806,7,7,7,7
2807,8,8,8,8
2808,3,3,3,3
2809,9,9,9,9
2810,2,2,2,2
2811,0,0,0,0
2812,1,1,1,1
2813,0,0,0,0
2814,1,1,1,1
2815,1,1,1,1
2816,4,4,4,4
2817,0,0,0,0
2818,7,7,7,7
2819,4,4,4,4
2820,3,3,3,3
2821,3,3,3,3
2822,3,3,3,3
2823,1,1,1,1
2824,3,3,3,3
2825,2,2,2,2
2826,4,4,4,4
2827,9,9,9,9
2828,7,7,7,7
2829,3,3,3,3
2830,8,8,8,8
2831,3,3,3,3
2832,1,1,1,1
2833,7,7,7,7
2834,1,1,1,1
2835,0,0,0,0
2836,0,0,0,0
2837,7,7,7,7
2838,6,6,6,6
2839,6,6,6,6
2840,1,1,1,1
2841,1,1,1,1
2842,4,4,4,4
2843,0,0,0,0
2844,4,4,4,4
2845,6,6,6,6
2846,3,3,3,3
2847,9,9,9,9
2848,9,9,9,9
2849,2,2,2,2
2850,1,1,1,1
2851,2,2,2,2
2852,5,5,5,5
2853,4,4,4,4
2854,1,1,1,1
2855,8,8,8,8
2856,9,9,9,9
2857,5,5,5,5
2858,1,1,1,1
2859,5,5,5,5
2860,9,9,9,9
2861,8,8,8,8
2862,9,9,9,9
2863,7,7,7,7
2864,4,4,4,4
2865,5,5,5,5
2866,2,2,2,2
2867,1,1,1,1
2868,7,7,7,7
2869,0,0,6,6
2870,2,2,2,2
2871,3,3,3,3
2872,7,7,7,7
2873,7,7,7,7
2874,3,3,3,3
2875,3,3,3,3
2876,1,1,1,1
2877,9,9,9,9
2878,9,9,9,9
2879,5,5,5,5
2880,1,1,1,1
2881,5,5,5,5
2882,5,5,5,5
2883,0,0,0,0
2884,4,4,4,4
2885,7,7,7,7
2886,6,6,6,6
2887,5,5,5,5
2888,7,7,7,7
2889,3,3,3,3
2890,6,6,6,6
2891,0,0,0,0
2892,7,7,7,7
2893,8,8,8,8
2894,5,5,5,5
2895,5,5,5,5
2896,4,4,4,4
2897,8,8,8,8
2898,5,5,5,5
2899,3,3,3,3
2900,8,8,8,8
2901,7,7,7,7
2902,9,9,9,9
2903,2,2,2,2
2904,5,5,5,5
2905,3,3,3,3
2906,3,3,3,3
2907,7,7,7,7
2908,9,9,9,9
2909,7,7,7,7
2910,6,6,6,6
2911,4,4,4,4
2912,7,7,7,7
2913,7,7,7,7
2914,4,4,4,4
2915,1,1,1,1
2916,9,9,9,9
2917,7,7,7,7
2918,1,1,1,1
2919,2,2,2,2
2920,7,7,7,7
2921,7,7,7,7
2922,1,1,1,1
2923,9,9,9,9
2924,7,7,7,7
2925,1,1,1,1
2926,5,5,5,5
2927,4,4,4,4
2928,4,4,4,4
2929,6,6,6,6
2930,7,7,7,7
2931,3,3,3,3
2932,8,8,8,8
2933,8,8,8,8
2934,4,4,4,4
2935,4,4,4,4
2936,9,9,9,9
2937,8,8,8,8
2938,8,8,8,8
2939,4,4,4,4
2940,0,0,0,0
2941,0,0,0,0
2942,4,4,4,4
2943,2,2,2,2
2944,8,8,8,8
2945,5,5,5,5
2946,4,4,4,4
2947,7,7,7,7
2948,9,9,9,9
2949,0,0,0,0
2950,4,4,4,4
2951,9,9,9,9
2952,6,6,6,6
2953,0,0,0,0
2954,1,1,1,1
2955,4,4,4,4
2956,1,1,1,1
2957,3,3,3,3
2958,0,0,0,0
2959,1,1,1,1
2960,7,7,7,7
2961,9,9,9,9
2962,5,5,5,5
2963,7,7,7,7
2964,2,2,2,2
2965,6,6,6,6
2966,4,4,4,4
2967,2,2,2,2
2968,3,3,3,3
2969,2,2,2,2
2970,7,7,7,7
2971,3,3,3,3
2972,9,9,9,9
2973,8,8,8,8
2974,6,6,6,6
2975,1,1,1,1
2976,2,2,2,2
2977,2,2,2,2
2978,0,0,0,0
2979,7,7,7,7
2980,0,0,0,0
2981,1,1,1,1
2982,7,7,7,7
2983,9,9,9,9
2984,8,8,8,8
2985,6,6,6,6
2986,9,9,9,9
2987,5,5,5,5
2988,1,1,1,1
2989,0,0,0,0
2990,7,7,7,7
2991,6,6,6,6
2992,8,8,8,8
2993,3,3,3,3
2994,7,7,7,7
2995,3,3,3,3
2996,8,8,8,8
2997,6,6,6,6
2998,9,9,9,9
2999,2,2,2,2
3000,9,9,9,9
3001,9,9,9,9
3002,1,1,1,1
3003,6,6,6,6
3004,7,7,7,7
3005,9,9,9,9
3006,3,3,3,3
3007,1,1,1,1
3008,3,3,3,3
3009,0,0,0,0
3010,8,8,8,8
3011,8,8,8,8
3012,1,1,1,1
3013,2,2,2,2
3014,2,2,2,2
3015,1,1,1,1
3016,1,1,1,1
3017,7,9,7,9
3018,0,0,0,0
3019,3,3,3,3
3020,5,5,5,5
3021,4,4,4,4
3022,4,4,4,4
3023,6,6,6,6
3024,3,3,3,3
3025,6,6,6,6
3026,5,5,5,5
3027,5,5,5,5
3028,3,3,3,3
3029,4,4,4,4
3030,7,7,7,7
3031,9,9,9,9
3032,2,2,2,2
3033,4,4,4,4
3034,2,2,2,2
3035,0,0,0,0
3036,1,1,1,1
3037,1,1,1,1
3038,4,4,4,4
3039,0,0,0,0
3040,2,2,2,2
3041,9,9,9,9
3042,6,6,6,6
3043,9,9,9,9
3044,2,2,2,2
3045,1,1,1,1
3046,6,6,6,6
3047,8,8,8,8
3048,5,5,5,5
3049,1,1,1,1
3050,1,1,1,1
3051,3,3,3,3
3052,6,6,6,6
3053,3,3,3,3
3054,4,4,4,4
3055,6,6,6,6
3056,0,0,0,0
3057,9,9,9,9
3058,2,2,2,2
3059,8,8,8,8
3060,7,7,7,7
3061,0,0,0,0
3062,1,1,1,1
3063,4,4,4,4
3064,4,4,4,4
3065,2,2,2,2
3066,5,5,5,5
3067,2,2,2,2
3068,1,1,1,1
3069,6,6,6,6
3070,0,0,0,0
3071,1,1,1,1
3072,3,3,3,3
3073,7,7,7,7
3074,7,7,7,7
3075,4,4,4,4
3076,0,0,0,0
3077,8,8,8,8
3078,6,6,6,6
3079,3,3,3,3
3080,3,3,3,3
3081,6,6,6,6
3082,3,3,3,3
3083,0,0,0,0
3084,1,1,1,1
3085,4,4,4,4
3086,3,3,3,3
3087,8,8,8,8
3088,3,3,3,3
3089,6,6,6,6
3090,5,5,5,5
3091,7,7,7,7
3092,8,8,8,8
3093,2,2,2,2
3094,7,7,7,7
3095,2,2,2,2
3096,1,1,1,1
3097,0,0,0,0
3098,7,8,8,8
3099,3,3,3,3
3100,4,4,4,4
3101,5,5,5,5
3102,1,1,1,1
3103,6,6,6,6
3104,3,3,3,3
3105,0,0,0,0
3106,9,9,9,9
3107,1,1,1,1
3108,6,6,6,6
3109,1,1,1,1
3110,7,7,7,7
3111,8,8,8,8
3112,9,9,9,9
3113,1,4,4,4
3114,0,0,0,0
3115,1,1,1,1
3116,0,0,0,0
3117,4,4,4,4
3118,1,1,1,1
3119,9,9,9,9
3120,0,0,0,0
3121,5,5,5,5
3122,8,8,8,8
3123,0,0,0,0
3124,2,2,2,2
3125,4,4,4,4
3126,7,7,7,7
3127,0,0,0,0
3128,7,7,7,7
3129,3,3,3,3
3130,8,8,8,8
3131,1,1,1,1
3132,3,3,3,3
3133,3,3,3,3
3134,8,8,8,8
3135,5,5,5,5
3136,3,3,3,3
3137,8,8,8,8
3138,9,9,9,9
3139,8,8,8,8
3140,8,8,8,8
3141,5,5,5,5
3142,1,1,1,1
3143,2,2,2,2
3144,3,3,3,3
3145,0,0,0,0
3146,5,5,5,5
3147,8,8,8,8
3148,3,3,3,3
3149,9,9,9,9
3150,4,4,4,4
3151,1,1,1,1
3152,4,4,4,4
3153,8,8,8,8
3154,3,3,3,3
3155,6,6,6,6
3156,9,9,9,9
3157,7,7,7,7
3158,4,4,4,4
3159,0,0,0,0
3160,0,0,0,0
3161,5,5,5,5
3162,9,9,9,9
3163,4,4,4,4
3164,7,7,7,7
3165,0,0,0,0
3166,8,8,8,8
3167,8,8,8,8
3168,3,3,3,3
3169,9,9,9,9
3170,6,6,6,6
3171,2,2,2,2
3172,7,7,7,7
3173,1,1,1,1
3174,5,5,5,5
3175,3,3,3,3
3176,8,8,8,8
3177,4,4,4,4
3178,9,9,9,9
3179,4,4,4,4
3180,6,6,6,6
3181,7,7,7,7
3182,9,9,9,9
3183,3,3,3,3
3184,9,9,9,9
3185,9,9,9,9
3186,9,9,9,9
3187,1,1,1,1
3188,2,2,2,2
3189,8,8,8,8
3190,5,5,5,5
3191,4,4,4,4
3192,1,1,1,1
3193,1,1,1,1
3194,6,6,6,6
3195,1,1,1,1
3196,0,0,0,0
3197,4,4,4,4
3198,0,0,0,0
3199,7,7,7,7
3200,1,1,1,1
3201,2,2,2,2
3202,8,8,8,8
3203,1,1,1,1
3204,6,6,6,6
3205,2,2,2,2
3206,5,5,5,5
3207,4,4,4,4
3208,7,7,7,7
3209,4,4,4,4
3210,0,0,0,0
3211,7,7,7,7
3212,6,6,6,6
3213,1,1,1,1
3214,3,3,3,3
3215,6,6,6,6
3216,6,6,6,6
3217,6,6,6,6
3218,8,8,8,8
3219,9,9,9,9
3220,8,8,8,8
3221,2,2,2,2
3222,5,5,5,5
3223,5,5,5,5
3224,3,3,3,3
3225,3,3,3,3
3226,1,1,1,1
3227,7,7,7,7
3228,4,4,4,4
3229,5,5,5,5
3230,9,9,9,9
3231,2,2,2,2
3232,0,0,0,0
3233,3,3,3,3
3234,3,3,3,3
3235,9,9,9,9
3236,8,8,8,8
3237,7,7,7,7
3238,7,7,7,7
3239,8,8,8,8
3240,6,6,6,6
3241,6,6,6,6
3242,1,1,1,1
3243,4,4,4,4
3244,9,9,9,9
3245,8,8,8,8
3246,5,5,5,5
3247,9,9,9,9
3248,5,5,5,5
3249,3,3,3,3
3250,9,9,9,9
3251,5,5,5,5
3252,2,2,2,2
3253,6,6,6,6
3254,3,3,3,3
3255,2,2,2,2
3256,6,6,6,6
3257,9,9,9,9
3258,6,6,6,6
3259,8,8,8,8
3260,1,1,1,1
3261,0,0,0,0
3262,6,6,6,6
3263,6,6,6,6
3264,1,1,1,1
3265,1,1,1,1
3266,9,9,9,9
3267,9,9,9,9
3268,7,7,7,7
3269,2,2,2,2
3270,1,1,1,1
3271,7,7,7,7
3272,4,4,4,4
3273,6,6,6,6
3274,7,7,7,7
3275,7,7,7,7
3276,9,9,9,9
3277,4,4,4,4
3278,6,6,6,6
3279,0,0,0,0
3280,6,6,6,6
3281,6,6,6,6
3282,8,8,8,8
3283,4,4,4,4
3284,4,4,4,4
3285,6,6,6,6
3286,9,9,9,9
3287,6,6,6,6
3288,0,0,0,0
3289,5,5,5,5
3290,3,3,3,3
3291,2,2,2,2
3292,4,4,4,4
3293,3,3,3,3
3294,7,7,7,7
3295,6,6,6,6
3296,5,5,5,5
3297,6,6,6,6
3298,9,9,9,9
3299,1,1,1,1
3300,9,9,9,9
3301,4,4,4,4
3302,5,5,5,5
3303,3,3,3,3
3304,3,3,3,3
3305,1,1,1,1
3306,5,5,5,5
3307,8,8,8,8
3308,1,1,1,1
3309,0,0,0,0
3310,1,1,1,1
3311,4,4,4,4
3312,4,4,4,4
3313,8,8,8,8
3314,3,3,3,3
3315,8,8,8,8
3316,5,5,5,5
3317,0,0,0,0
3318,8,8,8,8
3319,6,6,6,6
3320,7,7,7,7
3321,6,6,6,6
3322,0,0,0,0
3323,0,0,0,0
3324,6,6,6,6
3325,1,1,1,1
3326,3,3,3,3
3327,4,4,4,4
3328,0,0,0,0
3329,3,3,3,3
3330,9,9,9,9
3331,9,9,9,9
3332,3,3,3,3
3333,6,6,6,6
3334,2,2,2,2
3335,2,2,2,2
3336,6,6,6,6
3337,5,5,5,5
3338,4,4,4,4
3339,1,1,1,1
3340,7,7,7,7
3341,4,4,4,4
3342,4,4,4,4
3343,8,8,8,8
3344,8,8,8,8
3345,9,9,9,9
3346,1,1,1,1
3347,2,2,2,2
3348,3,3,3,3
3349,7,7,7,7
3350,7,7,7,7
3351,4,9,4,4
3352,8,8,8,8
3353,3,3,3,3
3354,5,5,5,5
3355,2,2,2,2
3356,5,5,5,5
3357,2,2,2,2
3358,5,5,5,5
3359,7,7,7,7
3360,6,6,6,6
3361,5,5,5,5
3362,6,6,6,6
3363,8,8,8,8
3364,9,9,9,9
3365,1,1,1,1
3366,0,0,0,0
3367,2,2,2,2
3368,1,1,1,1
3369,0,0,0,0
3370,5,5,5,5
3371,3,3,3,3
3372,9,9,9,9
3373,0,0,0,0
3374,3,3,3,3
3375,8,8,8,8
3376,0,0,0,0
3377,4,4,4,4
3378,7,7,7,7
3379,9,9,9,9
3380,2,2,2,2
3381,6,6,6,6
3382,8,8,8,8
3383,8,8,8,8
3384,2,2,2,2
3385,9,9,9,9
3386,5,5,5,5
3387,1,1,1,1
3388,4,4,4,4
3389,2,2,2,2
3390,7,7,7,7
3391,9,9,9,9
3392,9,9,9,9
3393,4,4,4,4
3394,1,1,1,1
3395,2,2,2,2
3396,4,4,4,4
3397,0,0,0,0
3398,9,9,9,9
3399,0,0,0,0
3400,6,6,6,6
3401,6,6,6,6
3402,8,8,8,8
3403,9,9,9,9
3404,3,3,3,3
3405,7,7,7,7
3406,3,3,3,3
3407,2,2,2,2
3408,1,1,1,1
3409,7,7,7,7
3410,7,7,7,7
3411,7,7,7,7
3412,9,9,9,9
3413,5,5,5,5
3414,5,5,5,5
3415,0,0,0,0
3416,4,4,4,4
3417,1,1,1,1
3418,8,8,8,8
3419,5,5,5,5
3420,1,1,1,1
3421,8,8,8,8
3422,9,9,9,9
3423,4,4,4,4
3424,7,7,7,7
3425,0,0,0,0
3426,6,6,6,6
3427,0,0,0,0
3428,4,4,4,4
3429,1,1,1,1
3430,0,0,0,0
3431,8,8,8,8
3432,2,2,2,2
3433,3,3,3,3
3434,7,7,7,7
3435,5,5,5,5
3436,5,5,5,5
3437,3,3,3,3
3438,9,9,9,9
3439,9,4,4,4
3440,0,0,0,0
3441,5,5,5,5
3442,2,2,2,2
3443,7,7,7,7
3444,2,2,2,2
3445,9,9,9,9
3446,4,4,4,4
3447,8,8,8,8
3448,5,5,5,5
3449,4,4,4,4
3450,3,3,3,3
3451,2,2,2,2
3452,2,2,2,2
3453,0,0,0,0
3454,3,3,3,3
3455,0,0,0,0
3456,5,5,5,5
3457,0,0,0,0
3458,3,3,3,3
3459,2,2,2,2
3460,4,4,4,4
3461,5,5,5,5
3462,4,4,4,4
3463,6,6,6,6
3464,1,1,1,1
3465,1,1,1,1
3466,6,6,6,6
3467,8,8,8,8
3468,6,6,6,6
3469,6,6,6,6
3470,9,9,9,9
3471,7,7,7,7
3472,1,1,1,1
3473,0,0,0,0
3474,4,4,4,4
3475,1,1,1,1
3476,9,9,9,9
3477,7,7,7,7
3478,6,6,6,6
3479,1,1,1,1
3480,2,2,2,2
3481,9,9,9,9
3482,3,3,3,3
3483,8,8,8,8
3484,2,2,2,2
3485,7,7,7,7
3486,5,5,5,5
3487,3,3,3,3
3488,2,2,2,2
3489,7,7,7,7
3490,2,2,2,2
3491,3,3,3,3
3492,1,1,1,1
3493,6,6,6,6
3494,6,6,6,6
3495,3,3,3,3
3496,5,5,5,5
3497,2,2,2,2
3498,7,7,7,7
3499,9,9,9,9
3500,8,8,8,8
3501,3,3,3,3
3502,0,0,0,0
3503,4,4,4,4
3504,4,4,4,4
3505,0,0,0,0
3506,2,2,2,2
3507,5,5,5,5
3508,1,1,1,1
3509,7,7,7,7
3510,7,7,7,7
3511,2,2,2,2
3512,5,5,5,5
3513,8,8,8,8
3514,1,1,1,1
3515,2,2,2,2
3516,1,1,1,1
3517,9,9,9,9
3518,3,3,3,3
3519,6,6,6,6
3520,3,3,3,3
3521,3,3,3,3
3522,0,0,0,0
3523,6,6,6,6
3524,4,4,4,4
3525,1,1,1,1
3526,3,3,3,3
3527,9,9,9,9
3528,7,7,7,7
3529,8,8,8,8
3530,3,3,3,3
3531,6,6,6,6
3532,4,4,4,4
3533,6,6,6,6
3534,8,8,8,8
3535,6,6,6,6
3536,0,0,0,0
3537,3,3,3,3
3538,5,5,5,5
3539,6,6,6,6
3540,6,6,6,6
3541,1,1,1,1
3542,0,0,0,0
3543,2,2,2,2
3544,7,7,7,7
3545,6,6,6,6
3546,6,6,6,6
3547,8,8,8,8
3548,0,0,0,0
3549,6,6,6,6
3550,8,8,8,8
3551,5,5,5,5
3552,7,7,7,7
3553,4,4,4,4
3554,0,0,0,0
3555,6,6,6,6
3556,2,2,2,2
3557,9,9,9,9
3558,7,7,7,7
3559,4,4,4,4
3560,6,6,6,6
3561,9,9,9,9
3562,8,8,8,8
3563,5,5,5,5
3564,7,7,7,7
3565,7,7,2,7
3566,2,2,2,2
3567,5,5,5,5
3568,7,7,7,7
3569,0,0,0,0
3570,4,4,4,4
3571,7,7,7,7
3572,3,3,3,3
3573,6,6,6,6
3574,6,6,6,6
3575,4,4,4,4
3576,4,4,4,4
3577,2,2,2,2
3578,8,8,8,8
3579,7,7,7,7
3580,3,3,3,3
3581,6,6,6,6
3582,5,5,3,3
3583,8,8,8,8
3584,6,6,6,6
3585,5,5,5,5
3586,4,4,4,4
3587,6,6,6,6
3588,1,1,1,1
3589,9,9,9,9
3590,7,7,7,7
3591,8,8,8,8
3592,5,5,5,5
3593,3,3,3,3
3594,2,2,2,2
3595,9,9,9,9
3596,2,2,2,2
3597,0,0,0,0
3598,8,8,8,8
3599,4,4,4,4
3600,8,8,8,8
3601,7,7,7,7
3602,2,2,2,2
3603,0,0,0,0
3604,2,2,2,2
3605,7,7,7,7
3606,9,9,9,9
3607,3,3,3,3
3608,1,1,1,1
3609,3,3,3,3
3610,7,7,7,7
3611,4,4,4,4
3612,2,2,2,2
3613,5,5,5,5
3614,1,1,1,1
3615,8,8,8,8
3616,2,2,2,2
3617,2,2,2,2
3618,2,2,2,2
3619,4,4,4,4
3620,2,2,2,2
3621,4,4,4,4
3622,0,0,0,0
3623,0,0,0,0
3624,4,4,4,4
3625,6,6,6,6
3626,5,5,5,5
3627,5,5,5,5
3628,4,4,4,4
3629,8,8,8,8
3630,5,5,5,5
3631,3,3,3,3
3632,2,2,2,2
3633,0,0,0,0
3634,9,9,9,9
3635,0,0,0,0
3636,6,6,6,6
3637,0,0,0,0
3638,0,0,0,0
3639,7,7,7,7
3640,6,6,6,6
3641,3,3,3,3
3642,5,5,5,5
3643,9,9,9,9
3644,6,6,6,6
3645,1,1,1,1
3646,5,5,5,5
3647,4,4,4,4
3648,6,6,6,6
3649,0,0,0,0
3650,9,9,9,9
3651,0,0,0,0
3652,7,7,7,7
3653,9,9,9,9
3654,5,5,5,5
3655,4,4,4,4
3656,3,3,3,3
3657,9,9,9,9
3658,9,9,9,9
3659,4,4,4,4
3660,4,4,4,4
3661,3,3,3,3
3662,7,7,7,7
3663,5,5,5,5
3664,6,6,6,6
3665,8,8,8,8
3666,8,8,8,8
3667,2,2,2,2
3668,9,9,9,9
3669,9,9,9,9
3670,6,6,6,6
3671,2,2,2,2
3672,7,7,7,7
3673,9,9,9,9
3674,7,7,7,7
3675,7,7,7,7
3676,0,0,0,0
3677,4,4,4,4
3678,7,7,7,7
3679,7,7,7,7
3680,5,5,5,5
3681,0,0,0,0
3682,9,9,9,9
3683,2,2,2,2
3684,1,1,1,1
3685,9,9,9,9
3686,6,6,6,6
3687,7,7,7,7
3688,7,7,7,7
3689,0,0,0,0
3690,3,3,3,3
3691,2,2,2,2
3692,9,9,9,9
3693,0,0,0,0
3694,1,1,1,1
3695,2,2,2,2
3696,3,3,3,3
3697,2,2,2,2
3698,0,0,0,0
3699,7,7,7,7
3700,3,3,3,3
3701,7,7,7,7
3702,3,3,3,3
3703,1,1,1,1
3704,5,5,5,5
3705,3,3,3,3
3706,2,2,2,2
3707,8,8,8,8
3708,1,1,1,1
3709,0,0,0,0
3710,9,9,9,9
3711,9,9,9,9
3712,6,6,6,6
3713,4,4,4,4
3714,0,0,0,0
3715,2,2,2,2
3716,1,1,1,1
3717,3,3,3,3
3718,8,8,8,8
3719,6,6,6,6
3720,1,1,1,1
3721,5,5,5,5
3722,7,7,7,7
3723,9,9,9,9
3724,4,4,4,4
3725,1,1,1,1
3726,6,6,6,6
3727,1,1,1,1
3728,7,7,7,7
3729,8,8,8,8
3730,0,0,0,0
3731,0,0,0,0
3732,2,2,2,2
3733,2,2,2,2
3734,7,7,7,7
3735,6,6,6,6
3736,7,7,7,7
3737,8,8,8,8
3738,7,7,7,7
3739,5,5,5,5
3740,9,9,9,9
3741,7,7,7,7
3742,8,8,8,8
3743,1,1,1,1
3744,2,2,2,2
3745,1,1,1,1
3746,8,8,8,8
3747,7,7,7,7
3748,5,5,5,5
3749,8,8,8,8
3750,2,2,2,2
3751,6,6,6,6
3752,2,2,2,2
3753,5,5,5,5
3754,7,7,7,7
3755,2,2,2,2
3756,3,3,3,3
3757,6,6,6,6
3758,8,8,8,8
3759,1,1,1,1
3760,7,7,7,7
3761,4,4,4,4
3762,9,9,9,9
3763,2,2,2,2
3764,0,0,0,0
3765,4,4,4,4
3766,3,3,3,3
3767,3,3,3,3
3768,7,7,7,7
3769,1,1,1,1
3770,1,1,1,1
3771,5,5,5,5
3772,1,1,1,1
3773,3,3,3,3
3774,8,8,8,8
3775,1,1,1,1
3776,7,7,7,7
3777,9,9,9,9
3778,7,7,7,7
3779,3,3,3,3
3780,2,2,2,2
3781,2,2,2,2
3782,9,9,9,9
3783,3,3,3,3
3784,1,1,1,1
3785,8,8,8,8
3786,6,6,6,6
3787,7,7,7,7
3788,0,0,0,0
3789,3,3,3,3
3790,0,0,0,0
3791,6,6,6,6
3792,2,2,2,2
3793,7,7,7,7
3794,1,1,1,1
3795,4,4,4,4
3796,1,1,1,1
3797,4,4,4,4
3798,0,0,0,0
3799,1,1,1,1
3800,3,3,3,3
3801,2,2,2,2
3802,5,5,5,5
3803,4,4,4,4
3804,2,2,2,2
3805,6,6,6,6
3806,0,0,0,0
3807,2,2,2,2
3808,6,6,6,6
3809,6,6,6,6
3810,9,9,9,9
3811,3,3,3,3
3812,1,1,1,1
3813,0,0,0,0
3814,3,3,3,3
3815,9,9,9,9
3816,1,1,1,1
3817,0,0,0,0
3818,9,9,9,9
3819,2,2,2,2
3820,9,9,9,9
3821,1,1,1,1
3822,6,6,6,6
3823,3,3,3,3
3824,7,7,7,7
3825,6,6,6,6
3826,3,3,3,3
3827,8,8,8,8
3828,4,4,4,4
3829,1,1,1,1
3830,4,4,4,4
3831,4,4,4,4
3832,1,1,1,1
3833,3,3,3,3
3834,5,5,5,5
3835,1,1,1,1
3836,9,9,9,9
3837,2,2,2,2
3838,9,9,9,9
3839,5,5,5,5
3840,6,6,6,6
3841,2,2,2,2
3842,7,7,7,7
3843,7,7,7,7
3844,2,2,2,2
3845,3,3,3,5
3846,1,1,1,1
3847,4,4,4,4
3848,8,8,8,8
3849,0,0,0,0
3850,6,6,6,6
3851,0,0,0,0
3852,9,9,9,9
3853,8,8,8,8
3854,2,2,2,2
3855,0,0,0,0
3856,7,7,7,7
3857,6,6,6,6
3858,1,1,1,1
3859,2,2,2,2
3860,0,0,0,0
3861,5,5,5,5
3862,4,4,4,4
3863,3,3,3,3
3864,2,2,2,2
3865,8,8,8,8
3866,4,4,4,4
3867,9,9,9,9
3868,3,3,3,3
3869,4,4,4,4
3870,5,5,5,5
3871,4,4,4,4
3872,2,2,2,2
3873,2,2,2,2
3874,3,3,3,3
3875,4,4,4,4
3876,4,4,4,4
3877,6,6,6,6
3878,9,9,9,9
3879,5,5,5,5
3880,8,8,8,8
3881,9,9,9,9
3882,1,1,1,1
3883,5,5,5,5
3884,2,2,2,2
3885,9,9,9,9
3886,4,4,4,4
3887,3,3,3,3
3888,2,2,2,2
3889,2,2,2,2
3890,8,8,8,8
3891,7,7,7,7
3892,9,9,9,9
3893,8,8,8,8
3894,6,6,6,6
3895,8,8,8,8
3896,8,8,8,8
3897,6,6,6,6
3898,8,8,8,8
3899,2,2,2,2
3900,6,6,6,6
3901,8,8,8,8
3902,8,8,8,8
3903,3,3,3,3
3904,3,3,3,3
3905,7,7,7,7
3906,5,5,5,5
3907,6,6,6,6
3908,8,8,8,8
3909,1,1,1,1
3910,5,5,5,5
3911,4,4,4,4
3912,2,2,2,2
3913,2,2,2,2
3914,1,1,1,1
3915,5,5,5,5
3916,5,5,5,5
3917,7,7,7,7
3918,8,8,8,8
3919,6,6,6,6
3920,8,8,8,8
3921,9,9,9,9
3922,4,4,4,4
3923,2,2,2,2
3924,5,5,5,5
3925,7,7,7,7
3926,9,9,9,9
3927,7,7,7,7
3928,8,8,8,8
3929,9,9,9,9
3930,1,1,1,1
3931,4,4,4,4
3932,2,2,2,2
3933,8,8,8,8
3934,9,9,9,9
3935,9,9,9,9
3936,2,2,2,2
3937,8,8,8,8
3938,8,8,8,8
3939,2,2,2,2
3940,2,2,2,2
3941,8,8,8,8
3942,1,1,1,1
3943,7,7,7,7
3944,3,3,3,3
3945,3,3,3,3
3946,9,9,9,9
3947,8,8,8,8
3948,0,0,0,0
3949,4,9,4,4
3950,6,6,6,6
3951,7,7,7,7
3952,0,0,0,0
3953,3,3,3,3
3954,5,5,5,5
3955,3,3,3,3
3956,9,9,9,9
3957,4,4,4,4
3958,3,3,3,3
3959,8,8,8,8
3960,2,2,2,2
3961,6,6,6,6
3962,5,5,5,5
3963,0,0,0,0
3964,8,8,8,8
3965,1,1,1,1
3966,9,9,9,9
3967,2,2,2,2
3968,1,1,1,1
3969,4,4,4,4
3970,9,9,9,9
3971,5,5,5,5
3972,1,1,1,1
3973,1,1,1,1
3974,9,9,9,9
3975,3,3,3,3
3976,7,7,7,7
3977,3,3,3,3
3978,2,2,2,2
3979,9,9,9,9
3980,8,8,8,8
3981,4,4,4,4
3982,7,7,7,7
3983,6,6,6,6
3984,0,0,0,0
3985,6,6,6,6
3986,0,0,0,0
3987,5,5,5,5
3988,3,3,3,3
3989,5,5,5,5
3990,2,2,2,2
3991,7,7,7,7
3992,7,7,7,7
3993,9,9,1,9
3994,3,3,3,3
3995,6,6,6,6
3996,9,9,9,9
3997,9,9,9,9
3998,2,2,2,2
3999,0,0,0,0
4000,0,0,0,0
4001,6,6,6,6
4002,3,3,3,3
4003,5,5,5,5
4004,5,5,5,5
4005,8,8,8,8
4006,4,4,4,4
4007,7,7,7,7
4008,7,7,7,7
4009,5,5,5,5
4010,7,7,7,7
4011,4,4,4,4
4012,1,1,1,1
4013,2,2,2,2
4014,2,2,2,2
4015,3,3,3,3
4016,6,6,6,6
4017,2,2,2,2
4018,4,4,4,4
4019,2,2,2,2
4020,6,6,6,6
4021,1,1,1,1
4022,3,3,3,3
4023,7,7,7,7
4024,4,4,4,4
4025,8,8,8,8
4026,2,2,2,2
4027,3,3,3,3
4028,0,0,0,0
4029,1,1,1,1
4030,1,1,1,1
4031,5,5,5,5
4032,8,8,8,8
4033,1,1,1,1
4034,2,2,2,2
4035,1,1,1,1
4036,7,7,7,7
4037,6,6,6,6
4038,7,7,7,7
4039,3,3,3,3
4040,2,2,2,2
4041,6,6,6,6
4042,8,8,8,8
4043,4,4,4,4
4044,1,1,1,1
4045,2,2,2,2
4046,7,7,7,7
4047,5,5,5,5
4048,3,3,3,3
4049,2,2,2,2
4050,3,3,3,3
4051,7,7,7,7
4052,2,2,2,2
4053,0,0,0,0
4054,5,5,5,5
4055,4,4,4,4
4056,4,4,4,4
4057,9,9,9,9
4058,6,6,6,6
4059,2,2,2,2
4060,3,3,3,3
4061,3,3,3,3
4062,4,4,4,4
4063,7,7,7,7
4064,1,1,1,1
4065,1,1,1,1
4066,1,1,1,1
4067,9,9,9,9
4068,7,7,7,7
4069,0,0,0,0
4070,7,7,7,7
4071,3,3,3,3
4072,3,3,3,3
4073,4,4,4,4
4074,7,7,7,7
4075,5,5,5,5
4076,7,7,7,7
4077,8,8,8,8
4078,8,8,8,8
4079,5,5,5,5
4080,0,0,0,0
4081,0,0,0,0
4082,3,3,3,3
4083,7,7,7,7
4084,1,1,1,1
4085,7,7,7,7
4086,8,8,8,8
4087,5,5,5,5
4088,0,0,0,0
4089,9,9,9,9
4090,6,6,6,6
4091,8,8,8,8
4092,2,2,2,2
4093,2,2,2,2
4094,2,2,2,2
4095,0,0,0,0
4096,7,7,7,7
4097,6,6,6,6
4098,7,7,7,7
4099,0,0,0,0
4100,6,6,6,6
4101,6,6,6,6
4102,8,8,8,8
4103,5,5,5,5
4104,8,8,8,8
4105,6,6,6,6
4106,3,3,3,3
4107,0,0,0,0
4108,6,6,6,6
4109,9,9,9,9
4110,5,5,5,5
4111,9,9,9,9
4112,8,8,8,8
4113,8,8,8,8
4114,8,8,8,8
4115,9,9,9,9
4116,3,3,3,3
4117,9,9,9,9
4118,3,3,3,3
4119,8,8,8,8
4120,6,6,6,6
4121,0,0,0,0
4122,8,8,8,8
4123,6,6,6,6
4124,1,1,1,1
4125,6,6,6,6
4126,1,1,1,1
4127,7,7,7,7
4128,3,3,3,3
4129,1,1,1,1
4130,6,6,6,6
4131,2,2,2,2
4132,3,3,3,3
4133,2,2,2,2
4134,2,2,2,2
4135,0,0,0,0
4136,5,5,5,5
4137,9,9,9,9
4138,1,1,1,1
4139,3,3,3,3
4140,5,5,5,5
4141,3,3,3,3
4142,0,0,0,0
4143,7,7,7,7
4144,0,0,0,0
4145,2,2,2,2
4146,9,9,9,9
4147,2,2,2,2
4148,2,2,2,2
4149,0,0,0,0
4150,5,5,5,5
4151,8,8,8,8
4152,4,4,4,4
4153,4,4,4,4
4154,1,1,1,1
4155,5,5,5,5
4156,9,9,9,9
4157,8,8,8,8
4158,0,0,0,0
4159,0,0,0,0
4160,5,5,5,5
4161,9,9,9,9
4162,6,6,6,6
4163,8,8,8,8
4164,0,0,0,0
4165,7,7,7,7
4166,2,2,2,2
4167,1,1,1,1
4168,5,5,5,5
4169,6,6,6,6
4170,5,5,5,5
4171,7,7,7,7
4172,7,7,7,7
4173,0,0,0,0
4174,5,5,5,5
4175,0,0,0,0
4176,6,6,6,6
4177,6,6,6,6
4178,7,7,7,7
4179,1,1,1,1
4180,0,0,0,0
4181,0,0,0,0
4182,0,0,0,0
4183,2,2,2,2
4184,5,5,5,5
4185,0,0,0,0
4186,1,1,1,1
4187,1,1,1,1
4188,7,7,7,7
4189,9,9,9,9
4190,2,2,2,2
4191,4,4,4,4
4192,7,7,7,7
4193,2,2,2,2
4194,3,3,3,3
4195,0,0,0,0
4196,5,5,5,5
4197,2,2,2,2
4198,1,1,1,1
4199,3,3,3,3
4200,9,9,9,9
4201,5,5,5,5
4202,7,7,7,7
4203,0,0,0,0
4204,8,8,8,8
4205,6,6,6,6
4206,2,2,2,2
4207,1,1,1,1
4208,4,4,4,4
4209,4,4,4,4
4210,4,4,4,4
4211,9,9,9,9
4212,7,7,7,7
4213,4,4,4,4
4214,4,4,4,4
4215,4,4,4,4
4216,5,5,5,5
4217,3,3,3,3
4218,6,6,6,6
4219,7,7,7,7
4220,8,8,8,8
4221,4,4,4,4
4222,1,1,1,1
4223,5,5,5,5
4224,0,0,0,0
4225,8,8,8,8
4226,1,1,1,1
4227,0,0,0,0
4228,4,4,4,4
4229,3,3,3,3
4230,3,3,3,3
4231,9,9,9,9
4232,3,3,3,3
4233,9,9,9,9
4234,9,9,9,9
4235,0,0,0,0
4236,3,3,3,3
4237,9,9,9,9
4238,7,7,7,7
4239,9,9,9,9
4240,6,6,6,6
4241,0,0,0,0
4242,9,9,9,9
4243,6,6,6,6
4244,9,9,9,9
4245,0,0,0,0
4246,1,1,1,1
4247,3,3,3,3
4248,1,1,1,1
4249,0,0,0,0
4250,5,5,5,5
4251,9,9,9,9
4252,9,9,9,9
4253,0,0,0,0
4254,6,6,6,6
4255,3,3,3,3
4256,9,9,9,9
4257,1,1,1,1
4258,4,4,4,4
4259,1,1,1,1
4260,5,5,5,5
4261,7,7,7,7
4262,6,6,6,6
4263,4,4,4,4
4264,5,5,5,5
4265,9,9,9,9
4266,0,0,0,0
4267,7,7,7,7
4268,3,3,3,3
4269,1,1,1,1
4270,1,1,1,1
4271,6,6,6,6
4272,1,1,1,1
4273,4,4,4,4
4274,5,5,5,5
4275,8,8,8,8
4276,9,9,9,9
4277,9,9,9,9
4278,4,4,4,4
4279,5,5,5,5
4280,1,1,1,1
4281,3,3,3,3
4282,1,1,1,1
4283,1,1,1,1
4284,8,8,8,8
4285,3,3,3,3
4286,8,8,8,8
4287,1,1,1,1
4288,1,1,1,1
4289,4,4,4,4
4290,4,4,4,4
4291,5,5,5,5
4292,3,3,3,3
4293,8,8,8,8
4294,5,5,5,5
4295,9,9,9,9
4296,5,5,5,5
4297,0,0,0,0
4298,7,7,7,7
4299,5,5,5,5
4300,1,1,1,1
4301,5,5,5,5
4302,0,0,0,0
4303,9,9,9,9
4304,6,6,6,6
4305,3,3,3,3
4306,8,8,8,8
4307,7,7,1,7
4308,1,1,1,1
4309,0,0,0,0
4310,3,3,3,3
4311,6,6,6,6
4312,8,8,8,8
4313,9,9,9,9
4314,8,8,8,8
4315,8,8,8,8
4316,4,4,4,4
4317,3,3,3,3
4318,8,8,8,8
4319,0,0,0,0
4320,6,6,6,6
4321,3,3,3,3
4322,9,9,9,9
4323,5,5,5,5
4324,7,7,7,7
4325,5,5,5,5
4326,2,2,2,2
4327,5,5,5,5
4328,9,9,9,9
4329,9,9,9,9
4330,8,8,8,8
4331,5,5,5,5
4332,0,0,0,0
4333,7,7,7,7
4334,3,3,3,3
4335,1,1,1,1
4336,6,6,6,6
4337,6,6,6,6
4338,0,0,0,0
4339,2,2,2,2
4340,3,3,3,3
4341,1,1,1,1
4342,2,2,2,2
4343,3,3,3,3
4344,1,1,1,1
4345,2,2,2,2
4346,4,4,4,4
4347,6,6,6,6
4348,9,9,9,9
4349,3,5,5,5
4350,1,1,1,1
4351,3,3,3,3
4352,8,8,8,8
4353,0,0,0,0
4354,1,1,1,1
4355,8,8,8,8
4356,8,8,8,8
4357,1,1,1,1
4358,1,1,1,1
4359,4,4,4,4
4360,1,1,1,1
4361,8,8,8,8
4362,8,8,8,8
4363,8,8,8,8
4364,3,3,3,3
4365,5,5,5,5
4366,3,3,3,3
4367,3,3,3,3
4368,2,2,2,2
4369,3,3,3,3
4370,9,9,9,9
4371,9,9,9,9
4372,3,3,3,3
4373,9,9,9,9
4374,4,4,4,4
4375,5,5,5,5
4376,6,6,6,6
4377,0,0,0,0
4378,1,1,1,1
4379,9,9,9,9
4380,6,6,6,6
4381,9,9,9,9
4382,1,1,1,1
4383,4,4,4,4
4384,4,4,4,4
4385,9,9,9,9
4386,9,9,9,9
4387,1,1,1,1
4388,0,0,0,0
4389,4,4,4,4
4390,4,4,4,4
4391,0,0,0,0
4392,0,0,0,0
4393,5,5,5,5
4394,5,5,5,5
4395,9,9,9,9
4396,9,9,9,9
4397,4,4,4,4
4398,8,8,8,8
4399,2,2,2,2
4400,3,3,3,3
4401,4,4,4,4
4402,2,2,2,2
4403,8,8,8,8
4404,7,7,7,7
4405,2,2,2,2
4406,0,0,0,0
4407,9,9,9,9
4408,8,8,8,8
4409,3,3,3,3
4410,7,7,7,7
4411,7,7,7,7
4412,4,4,4,4
4413,3,3,3,3
4414,0,0,0,0
4415,7,7,7,7
4416,4,4,4,4
4417,3,3,3,3
4418,9,9,9,9
4419,8,8,8,8
4420,9,9,9,9
4421,9,9,9,9
4422,2,2,2,2
4423,5,5,5,5
4424,0,0,0,0
4425,0,0,0,0
4426,7,7,7,7
4427,3,3,3,3
4428,4,4,4,4
4429,8,8,8,8
4430,8,8,8,8
4431,9,9,9,9
4432,2,2,2,2
4433,3,3,3,3
4434,9,9,9,9
4435,0,0,0,0
4436,3,3,3,3
4437,2,2,2,2
4438,3,3,3,3
4439,0,0,0,0
4440,1,1,1,1
4441,7,7,7,7
4442,6,6,6,6
4443,6,6,6,6
4444,8,8,8,8
4445,8,8,8,8
4446,0,0,0,0
4447,6,6,6,6
4448,9,9,9,9
4449,5,5,5,5
4450,0,0,0,0
4451,0,0,0,0
4452,0,0,0,0
4453,2,2,2,2
4454,7,7,7,7
4455,5,5,5,5
4456,0,0,0,0
4457,7,7,7,7
4458,6,6,6,6
4459,8,8,8,8
4460,7,7,7,7
4461,8,8,8,8
4462,2,2,2,2
4463,8,8,8,8
4464,1,1,1,1
4465,3,3,3,3
4466,3,3,3,3
4467,8,8,8,8
4468,0,0,0,0
4469,0,0,0,0
4470,4,4,4,4
4471,5,5,5,5
4472,2,2,2,2
4473,3,3,3,3
4474,0,0,0,0
4475,4,4,4,4
4476,8,8,8,8
4477,3,3,3,3
4478,9,9,9,9
4479,2,2,2,2
4480,8,8,8,8
4481,7,7,7,7
4482,5,5,5,5
4483,3,3,3,3
4484,9,9,9,9
4485,8,8,8,8
4486,4,4,4,4
4487,3,3,3,3
4488,6,6,6,6
4489,1,1,1,1
4490,6,6,6,6
4491,9,9,9,9
4492,8,8,8,8
4493,4,4,4,4
4494,4,4,4,4
4495,1,1,1,1
4496,1,1,1,1
4497,8,5,8,8
4498,2,2,2,2
4499,4,4,4,4
4500,5,5,5,5
4501,1,1,1,1
4502,4,4,4,4
4503,5,5,5,5
4504,6,6,6,6
4505,3,3,3,3
4506,0,0,0,0
4507,9,9,9,9
4508,6,6,6,6
4509,4,4,4,4
4510,1,1,1,1
4511,2,2,2,2
4512,1,1,1,1
4513,6,6,6,6
4514,6,6,6,6
4515,1,1,1,1
4516,7,7,7,7
4517,8,8,8,8
4518,1,1,1,1
4519,0,0,0,0
4520,6,6,6,6
4521,8,8,8,8
4522,4,9,4,4
4523,9,9,9,9
4524,2,2,2,2
4525,9,9,9,9
4526,1,1,1,1
4527,6,6,6,6
4528,6,6,6,6
4529,6,6,6,6
4530,2,2,2,2
4531,2,2,2,2
4532,5,5,5,5
4533,7,7,7,7
4534,3,3,3,3
4535,4,4,4,4
4536,6,6,6,6
4537,8,8,8,8
4538,8,8,8,8
4539,9,9,9,9
4540,4,4,4,4
4541,7,7,7,7
4542,0,0,0,0
4543,0,0,0,0
4544,3,3,3,3
4545,6,6,6,6
4546,0,0,0,0
4547,8,8,8,8
4548,9,9,9,9
4549,1,1,1,1
4550,7,7,7,7
4551,2,2,2,2
4552,9,9,9,9
4553,1,1,1,1
4554,8,8,8,8
4555,1,1,1,1
4556,9,9,9,9
4557,9,9,9,9
4558,5,5,5,5
4559,3,3,3,3
4560,2,2,2,2
4561,8,8,8,8
4562,2,2,2,2
4563,2,2,2,2
4564,2,2,2,2
4565,4,9,4,4
4566,0,0,0,0
4567,3,3,3,3
4568,8,8,8,8
4569,9,9,9,9
4570,4,4,4,4
4571,7,7,7,7
4572,7,7,7,7
4573,4,4,4,4
4574,8,8,8,8
4575,0,0,0,0
4576,7,7,7,7
4577,3,3,3,3
4578,0,0,0,0
4579,7,7,7,7
4580,8,8,8,8
4581,3,3,3,3
4582,3,3,3,3
4583,7,7,7,7
4584,1,1,1,1
4585,5,5,5,5
4586,3,3,3,3
4587,0,0,0,0
4588,7,7,7,7
4589,9,9,9,9
4590,6,6,6,6
4591,1,1,1,1
4592,3,3,3,3
4593,1,1,1,1
4594,9,9,9,9
4595,3,3,3,3
4596,3,3,3,3
4597,9,9,9,9
4598,5,5,5,5
4599,1,1,1,1
4600,4,4,4,4
4601,1,1,1,1
4602,9,9,9,9
4603,9,9,9,9
4604,7,7,7,7
4605,2,2,2,2
4606,8,8,8,8
4607,9,9,9,9
4608,7,7,7,7
4609,2,2,2,2
4610,3,3,3,3
4611,4,4,4,4
4612,6,6,6,6
4613,7,7,7,7
4614,6,6,6,6
4615,7,7,7,7
4616,1,1,1,1
4617,6,6,6,6
4618,6,6,6,6
4619,2,2,2,2
4620,4,4,4,4
4621,7,7,7,7
4622,2,2,2,2
4623,1,1,1,1
4624,8,8,8,8
4625,6,6,6,6
4626,1,1,1,1
4627,8,8,8,8
4628,7,7,7,7
4629,6,6,6,6
4630,2,2,2,2
4631,1,1,1,1
4632,3,3,3,3
4633,4,4,4,4
4634,9,9,9,9
4635,7,7,7,7
4636,0,0,0,0
4637,2,2,2,2
4638,0,0,0,0
4639,1,1,1,1
4640,4,4,4,4
4641,6,6,6,6
4642,7,7,7,7
4643,6,6,6,6
4644,8,8,8,8
4645,1,1,1,1
4646,6,6,6,6
4647,5,5,5,5
4648,3,3,3,3
4649,2,2,2,2
4650,6,6,6,6
4651,3,3,3,3
4652,7,7,7,7
4653,6,6,6,6
4654,3,3,3,3
4655,9,9,9,9
4656,2,2,2,2
4657,5,5,5,5
4658,8,8,8,8
4659,5,5,5,5
4660,6,6,6,6
4661,0,0,0,0
4662,5,5,5,5
4663,3,3,3,3
4664,3,3,3,3
4665,4,4,4,4
4666,4,4,4,4
4667,9,9,9,9
4668,6,6,6,6
4669,0,0,0,0
4670,1,1,1,1
4671,1,1,1,1
4672,7,7,7,7
4673,2,2,2,2
4674,2,2,2,2
4675,7,7,7,7
4676,5,5,5,5
4677,2,2,2,2
4678,9,9,9,9
4679,1,1,1,1
4680,3,3,3,3
4681,2,2,2,2
4682,9,9,9,9
4683,9,9,9,9
4684,6,6,6,6
4685,2,2,2,2
4686,0,0,0,0
4687,9,9,9,9
4688,1,1,1,1
4689,2,2,2,2
4690,5,5,5,5
4691,0,0,0,0
4692,8,8,8,8
4693,4,4,4,4
4694,6,6,6,6
4695,4,4,4,4
4696,3,3,3,3
4697,9,9,9,9
4698,8,8,8,8
4699,4,4,4,4
4700,3,3,3,3
4701,7,7,7,7
4702,3,3,3,3
4703,6,6,6,6
4704,3,3,3,3
4705,3,3,3,3
4706,3,3,3,3
4707,4,4,4,4
4708,5,5,5,5
4709,8,8,8,8
4710,0,0,0,0
4711,4,4,4,4
4712,4,4,4,4
4713,5,5,5,5
4714,0,0,0,0
4715,9,9,9,9
4716,1,1,1,1
4717,7,7,7,7
4718,0,0,0,0
4719,0,0,0,0
4720,0,0,0,0
4721,2,2,2,2
4722,1,1,1,1
4723,2,2,2,2
4724,2,2,2,2
4725,5,5,5,5
4726,4,4,4,4
4727,2,2,2,2
4728,1,1,1,1
4729,1,1,1,1
4730,7,7,7,7
4731,2,2,2,2
4732,0,0,0,0
4733,0,0,0,0
4734,2,2,2,2
4735,8,8,8,8
4736,7,7,7,7
4737,6,6,6,6
4738,3,3,3,3
4739,4,4,4,4
4740,4,4,4,4
4741,9,9,9,9
4742,7,7,7,7
4743,1,1,1,1
4744,2,2,2,2
4745,8,8,8,8
4746,0,0,2,2
4747,4,4,4,4
4748,8,8,8,8
4749,7,7,7,7
4750,8,8,8,8
4751,1,1,1,1
4752,2,2,2,2
4753,1,1,1,1
4754,0,0,0,0
4755,5,5,5,5
4756,4,4,4,4
4757,3,9,3,3
4758,1,1,1,1
4759,1,1,1,1
4760,3,3,3,3
4761,8,8,8,8
4762,6,6,6,6
4763,9,9,9,9
4764,7,7,7,7
4765,0,0,0,0
4766,3,3,3,3
4767,2,2,2,2
4768,4,4,4,9
4769,6,6,6,6
4770,3,3,3,3
4771,6,6,6,6
4772,0,0,0,0
4773,2,2,2,2
4774,0,0,0,0
4775,7,7,7,7
4776,0,0,0,0
4777,6,6,6,6
4778,0,0,0,0
4779,3,3,3,3
4780,4,4,4,4
4781,1,1,1,1
4782,7,7,7,7
4783,5,5,5,5
4784,0,0,0,0
4785,7,7,7,7
4786,9,9,9,9
4787,6,6,6,6
4788,2,2,2,2
4789,3,3,3,3
4790,0,0,0,0
4791,0,0,0,0
4792,1,1,1,1
4793,2,2,2,2
4794,5,5,5,5
4795,6,6,6,6
4796,3,3,3,3
4797,1,1,1,1
4798,1,1,1,1
4799,2,2,2,2
4800,1,1,1,7
4801,4,4,4,4
4802,3,3,3,3
4803,2,2,2,2
4804,7,7,7,7
4805,5,5,5,5
4806,3,3,3,3
4807,2,2,2,2
4808,9,9,9,9
4809,9,9,9,9
4810,1,1,1,1
4811,3,3,3,3
4812,0,0,0,0
4813,5,5,5,5
4814,6,6,6,6
4815,8,8,8,8
4816,8,8,8,8
4817,7,7,7,7
4818,1,1,1,1
4819,8,8,8,8
4820,3,3,3,3
4821,3,3,3,3
4822,0,0,0,0
4823,2,2,2,2
4824,9,9,9,9
4825,9,9,9,9
4826,4,4,4,4
4827,0,0,0,0
4828,6,6,6,6
4829,8,8,8,8
4830,7,7,7,7
4831,2,2,2,2
4832,5,9,5,5
4833,3,3,3,3
4834,1,1,1,1
4835,3,3,3,3
4836,0,0,0,0
4837,6,6,6,6
4838,7,7,7,7
4839,9,9,9,9
4840,7,7,7,7
4841,2,2,2,2
4842,6,6,6,6
4843,6,6,6,6
4844,1,1,1,1
4845,2,2,2,2
4846,8,8,8,8
4847,9,9,9,9
4848,2,2,2,2
4849,8,8,8,8
4850,9,9,9,9
4851,2,2,2,2
4852,1,1,1,1
4853,8,8,8,8
4854,2,2,2,2
4855,2,2,2,2
4856,7,7,7,7
4857,4,4,4,4
4858,6,6,6,6
4859,2,2,2,2
4860,6,6,6,6
4861,8,8,8,8
4862,2,2,2,2
4863,5,5,5,5
4864,8,8,8,8
4865,1,1,1,1
4866,2,2,2,2
4867,3,3,3,3
4868,2,2,2,2
4869,0,0,0,0
4870,0,0,0,0
4871,6,6,6,6
4872,8,8,8,8
4873,0,0,0,0
4874,0,0,0,0
4875,4,4,4,4
4876,0,0,0,0
4877,5,5,5,5
4878,5,5,5,5
4879,7,7,7,7
4880,6,6,6,6
4881,4,4,4,4
4882,9,9,9,9
4883,0,0,0,0
4884,4,4,4,4
4885,3,3,3,3
4886,8,8,8,8
4887,0,0,0,0
4888,5,5,5,5
4889,9,9,9,9
4890,2,2,2,2
4891,2,2,2,2
4892,7,7,7,7
4893,1,1,1,1
4894,1,1,1,1
4895,7,7,7,7
4896,8,8,8,8
4897,4,4,4,4
4898,8,8,8,8
4899,4,4,4,4
4900,8,8,8,8
4901,9,9,9,9
4902,4,4,4,4
4903,1,1,1,1
4904,9,9,9,9
4905,1,1,1,1
4906,1,1,1,1
4907,0,0,0,0
4908,5,5,5,5
4909,6,6,6,6
4910,8,8,8,8
4911,1,1,1,1
4912,9,9,9,9
4913,0,0,0,0
4914,5,5,5,5
4915,9,9,9,9
4916,1,1,1,1
4917,7,7,7,7
4918,9,9,9,9
4919,0,0,0,0
4920,9,9,9,9
4921,5,5,5,5
4922,6,6,6,6
4923,6,6,6,6
4924,2,2,2,2
4925,4,4,4,4
4926,4,4,4,4
4927,9,9,9,9
4928,9,9,9,9
4929,0,0,0,0
4930,9,9,9,9
4931,0,0,0,0
4932,6,6,6,6
4933,1,1,1,1
4934,6,6,6,6
4935,1,1,1,1
4936,2,2,2,2
4937,5,5,5,5
4938,3,3,3,3
4939,5,5,5,5
4940,7,7,7,7
4941,6,6,6,6
4942,3,3,3,3
4943,7,7,7,7
4944,2,2,2,2
4945,7,7,7,7
4946,0,0,0,0
4947,7,7,7,7
4948,1,1,1,1
4949,0,0,0,0
4950,9,9,9,9
4951,1,1,1,1
4952,3,3,3,3
4953,6,6,6,6
4954,7,7,7,7
4955,0,0,0,0
4956,7,7,7,7
4957,6,6,6,6
4958,3,3,3,3
4959,7,7,7,7
4960,7,7,7,7
4961,0,0,0,0
4962,3,3,3,3
4963,6,6,6,6
4964,4,4,4,4
4965,2,2,2,2
4966,3,3,3,3
4967,7,7,7,7
4968,8,8,8,8
4969,4,4,4,4
4970,2,2,2,2
4971,6,6,6,6
4972,4,4,4,4
4973,3,3,3,3
4974,0,0,0,0
4975,5,5,5,5
4976,3,3,3,3
4977,6,6,6,6
4978,4,4,4,4
4979,8,8,8,8
4980,1,1,1,1
4981,7,7,7,7
4982,8,8,8,8
4983,1,1,1,1
4984,4,4,4,4
4985,8,8,8,8
4986,1,1,1,1
4987,7,7,7,7
4988,0,0,0,0
4989,1,1,1,1
4990,2,2,2,2
4991,3,3,3,3
4992,5,5,5,5
4993,3,3,3,3
4994,5,5,5,5
4995,6,6,6,6
4996,3,3,3,3
4997,8,8,8,8
4998,9,9,9,9
4999,0,0,0,0
